id,lyrics completos
401,"Lyrics
Quiero saber por que
me quieres tanto tanto tu
quiero saber por que
tengo que ser yo tu amor
Pero te voy a dar mi amor
niña te lo voy a dar
te voy a dar todo mi amor
no mas no vayas a jugar con migo
por que yo soy muy sentimental
Quiero saber no lo imagino
que tengo yo que me quieres tu
Pero te voy a dar mi amor
niña te lo voy a dar
te voy a dar todo mi amor
no mas no vayas a jugar con migo
por que yo soy muy sentimental
Se que tienes la respuesta
y no me quieres decir
yo se quetienes la respuesta
y no me quieres desir
se que tienes la respuesta
"
402,"Hacen bonita pareja
y los dos se ven muy bien
y me digo sollosando
lastima es mi mujer
hacen bonita pareja
y los dos se ven muy bien
y me digo sollosando
lastima es mi mujer
el era mi mejor amigo
siempre lo vi como hermano
y ahora me ha quitado
lo que mas quiero en el mundo
y yo soportando el llanto
tengo que aceptar sus besos
es por que la quiero
que dejarla no no puedo
lo he intentado varias veces
y no tengo el valor para decirle adios
hacen bonita pareja
y los dos se ven muy bien
y me digo sollosando
lastima que es mi mujer
"
403,"Canto de tristeza 
por que lo nuestro terminó 
te vas ya nunca volverás 
te olvidarás de mí 
y hoy muy triste 
me quedo solo sin tí 
Que seas muy felíz 
deseo mi amor 
que nunca llores 
que nunca sufras así 
Escucha esta canción 
que escribí para tí mi amor 
Con esta mi canción 
he venido a pedirte perdón 
que nunca llores 
que nunca sufras así 
Que encuentres cariño 
y todo el amor que 
yo jamás te pude dar; 
tu que eres tan buena 
mereces ternura y cariño; 
yo tuve la culpa de todo 
no supe tu amor aquilatar 
merezco tu olvido y tu ausencia 
ya nunca tendré más tu amor 
Adiós mi amor 
hoy con esta canción que escribí 
para tí mi amor 
he venido a pedirte que perdones 
por favor por amor mi error mi acción 
Sé que núnca tú querras volver 
y yo quiero por último decirte amor 
que yo te seguiré amando 
Adiós mi amor 
hoy con esta canción que escribí 
para tí mi amor 
he venido a pedirte que perdones 
por favor por amor mi error 
Se que nunca 
Adiós mi amor
"
404,"A mis dieciseis
Anhelaba tanto un amor que no llego
Siempre lo espere todos mis amigos
Se encontraban en la misma situación
Y después yo vi
Como iban cambiando su manera de vivir
Todos con su amor cada uno de ellos
Muy sonrientes muy felices menos yo
Una soledad
Cada vez más triste y más oscura yo viví
Y a esa edad
Todos preguntaban los motivos
Yo solía siempre decir
Yo no nací para amar
Nadie nació para mi
Tan solo fui un loco soñador no más
Yo no nací para amar
Nadie nació para mí
Mis sueños nunca se volvieron realidad
Siempre lo busque
Pero nunca pude encontrar ese amor
Siempre lo espere
Y en todas partes que esperaba ese amor nunca llego
Hoy mi soledad
Cada vez más triste y más oscura pueden ver
Y en esta edad
Aun me preguntan mis amigos
Y es tan triste responder
Yo no nací para amar
Nadie nació para mí
Tan solo fui un loco soñador no más
Yo no nací para amar
Nadie nació para mí
Mis sueños nunca se volvieron realidad
Yo no nací para amar
Nadie nació para mí
Tan solo fui un loco soñador no más
Yo no nací para amar
Nadie nació para mí
Mis sueños no se realizaron
Yo no nací para amar
"
405,"Nada tú harás en el mundo
Nada tu harás nada tu harás sin un amor
Nada tú harás en la vida
Nada lograras nada lograras sin un amor
Lo más humano y bello del mundo
Es encontrar un amor
Conservar ese amor
Lo más humano y bello del mundo
Es encontrar un amor
Conservar ese amor
Tocara tu corazón te enamorara
ámalo tanto
De tal manera que no lo dejes ir
De tal manera que seas muy feliz
Busca un amor
Amiga busca un amor
Busca un amor
Ahhhhh ahhhhh
Lo más humano y bello del mundo
Es encontrar un amor
Conservar ese amor
Lo más humano y bello del mundo
Es encontrar un amor
Conservar ese amor
Tocara tu corazón te enamorara
ámalo tanto
De tal manera que no lo dejes ir (busca un amor)
De tal manera que seas muy feliz (buscalo)
Busca un amor
Amiga busca un amor
Busca un amor
Busca un amor
Amiga busca un amor
Amiga busca un amor
"
406,"Te amo te respeto
Te agradezco tanto amor
Estoy tan orgulloso
De ser tuyo nada más
Me gusta tu manera
De tratarme de amar
Que no se acabe
Nunca tanta felicidad
No hay nada más hermoso
En este mundo que encontrar
A una persona bella
Y positiva como tu
Me gusta como piensas
Y tú forma de decir
Las cosas cuando hablas
Del amor te admiro más
Y más siento este amor por ti
El mundo debe ser igual que tu
Enséñame a ser bueno
Yo sé que puedo y quiero
Yo quiero ser igual que tu
Y más siento este amor por ti
El mundo debe ser igual que tu
Enséñame a ser bueno
Yo sé que puedo y quiero
Yo quiero ser igual
Yo quiero ser igual que tu
"
407,"Me dicen que estas enojada 
conmigo y yo no se por que 
mi vida dime que te pasa 
yo quiero saber 
Mi vida dime que sucede por eso es que 
lo nuestro no marcha bien 
pregunto y no me dicen nada 
yo quiero saber 
No quiero verte así enojada 
te pido una explicación 
mi cielo es que yo no hecho nada 
no tienes razón 
No se por que estas tan callada por eso es 
lo nuestro no marcha bien 
pregunto y no me dicen nada 
cual fue mi error 
Por eso quiero saber 
por eso quiero saber 
por eso quiero saber 
por eso quiero saber 
Hay por eso quiero saber 
por eso quiero saber 
por eso quiero saber 
por eso quiero saber 
Mi vida no me has dicho nada 
y tengo derecho a saber 
si se muy bien que no hecho nada 
no preguntare mas 
Entonces quédate callada 
por eso es que lo nuestro no marcha bien 
y has lo que te venga en gana 
no quiero saber 
Yo ya no quiero saber 
yo ya no quiero saber 
yo ya no quiero saber 
yo ya no quiero saber 
Hay que ya no quiero saber 
yo ya no quiero saber 
yo ya no quiero saber 
yo ya no quiero saber 
Mi vida no me has dicho nada 
y tengo derecho a saber 
si se muy bien que no hecho nada 
no preguntare mas 
Entonces quédate callada 
por eso es que lo nuestro no marcha bien 
y has lo que te venga en gana 
no quiero saber
"
408,"Ya me voy y no se hasta cuando volveré
Ya me voy y no se hasta cuando te veré
Siempre reza por mí porque me vaya muy bien
Siempre reza por mí y más pronto volveré
Dime adiós dime adiós
Sin llorar sin llorar
No quiero verte sufrir
Por favor por favor
Mi amor mi amor
Quiero irme muy feliz
Siempre reza por mí porque me vaya muy bien
Siempre reza por mí y más pronto volveré
Dime adiós sin llorar
No quiero verte sufrir
¡Ah ah ah!
Por favor por favor mi amor
Quiero irme muy feliz
Siempre reza por mí porque me vaya muy bien
Siempre reza siempre reza por mí y más pronto volveré
Ya me voy ya me voy y no se y no se hasta cuando volveré
Ya me voy ya me voy y no se y no se hasta cuando te veré
Siempre reza por mí porque me vaya muy bien
Siempre reza siempre reza por mí y más pronto volveré
"
409,"Yo estaba solo 
vivia muy triste 
creia que nunca 
iba encontrar un amor 
Hasta que llegaste se 
fueron mis penas y con 
tu cariño empeze olvidar 
el dolor 
Yo estaba solo 
tan solo soñaba 
creia que todos mis sueños 
estaban tan lejos de ti 
Hasta que llegaste se 
fueron mis penas y con tu 
cariño empece a olvidar y a 
olvidar y a olvidar mi dolor 
Con tu amor se fueron mi penas 
y llego la felicidad gracias 
a ti no siento tristeza-a 
ni dolor 
Hoy soy muy feliz
"
410,"Maria de la Paz
Te quiero a ti
Yo quiero estar contigo
Maria de la Paz
Te quiero aquí
Y a nadie más conmigo
Suerte que yo te encontré
Suerte que yo te encontré
En mi camino
Maria de la Paz
Te quiero así
Yo quiero estar contigo
Maria de la Paz
Te quiero a ti
Y a nadie más conmigo
Suerte que yo te encontré
Suerte que yo te encontré
En mi camino
Maria de la Paz Maria de la Paz
Maria de la Paz
Eres un amor
Contigo yo quiero ser de Paz
Mis sueños maría de la Paz
Tú puedes mis sueños despertar
Realizar
Uno a uno poco a poco lentamente viviré
Que por fin ya tengo por quien vivir por ti
Maria de la Paz Maria de la Paz
Maria de la Paz Maria de la Paz
Sonríe te quiero ver feliz
Sonríe Maria de la Paz
Tú puedes mis sueños despertar
Realizar
Uno a uno poco a poco lentamente viviré
Que por fin ya tengo por quien vivir por ti
Maria de la Paz Maria de la Paz
Maria de la Paz Maria de la Paz
Maria de la Paz te quiero a ti
Yo quiero estar contigo
Contigo
"
411,"Aun conservo la esperanza 
de otra vez volver a verte 
aun consevo la esperanza 
de que muy pronto regreses 
ami otra vez 
Tu eres todo lo que tengo 
y no estas cariño mio 
que sera de ti mi vida 
donde estas amor regresa 
a mi otra vez 
En el nombre del amor 
te pido que por favor 
pronto regreses 
te quiero volver a ver 
y tu no vuelves por que 
no puedo mas 
Aun conservo la esperanza 
de otra vez volver a verte 
aun conservo la esperanza 
de que muy pronto regreses 
a mi otra vez 
En el nombre del amor[etc]
"
412,"Porque te querré yo tanto
Si tú conmigo eres muy mal
Si nunca me has dado un poco
De tu cariño no entiendo nada
Porque estar enamorados si cada vez
Que te hablo callas
Ya no me trates mal ya no seas así
Porque puede ser que al no verme más
Vayas a sufrir y a llorar
Ya no me trates mal ya no seas así
Porque ya no habrá otro como yo
Que te quiera igual que te de su amor
Tal vez por lo que te quiero
No te doy tiempo a que tú me quieras
Ya vez que te lo demuestro
También tú debes de ser sincera
Mi vida no desperdicies
Este cariño y mi vida entera
Ya no me trates mal ya no seas así
Porque puede ser que al no verme mas
Vayas a sufrir y a llorar
Ya no me trates mal ya no seas así
Porque ya no habrá otro como yo
Que te quiera igual que te de su amor
No me trates mal ya no seas así
Ya no seas así no me trates mal
No me trates mal ya no seas así
Ya no seas así no me trates mal
No me trates mal ya no seas así
Ya no seas así no me trates mal
"
413,"Tendràs toda mi vida
El mundo esta en tus manos
El tiempo de tu parte y a dios por compañia
Tendràs cada momento la vendicion del cielo tendràs en cada noche de dios un dulce beso
Karina Karina Karina
Jamàs tendras tristeza
Jamàs mientras yo viva
Y yo Siempre a tu lado
Seràs siempre mi niña
Karina karina karina
De amor es tu mañana de amor fue tu principio
El mundo està en tus manos de amor es tu camino
Tendràs toda mi vida el mundo està en tus manos
El tiempo de tu parte estarà
Karina
"
414,"Todo pasó eso fue ayer
Hoy solamente importa lo nuestro
Bésame otra vez
Todo pasó eso fue ayer
Hoy solamente importa lo nuestro
Bésame otra vez
Estos ojos que te adoran como lloraron por ti
Todo era frío y soledad
Pero ahora que te encuentras de nuevo junto a mí
Vuelvo a encontrar felicidad
Todo pasó eso fue ayer
Hoy solamente importa lo nuestro
Bésame otra vez
Aprendí que la distancia no es amiga del amor
Por el tiempo que pase lejos de ti
Pero ahora que te encuentras de nuevo junto a mí
Vuelvo otra vez a ser feliz
Todo pasó eso fue ayer
Hoy solamente importa lo nuestro
Bésame otra vez
"
415,"Te extraño tanto parácuaro
Con tus mañanas de sol
Te extraño tanto parácuaro
Con tus mañanas de sol
Extraño tanto a mi pueblo
Mi pueblo de campesinos
Que siembran de sol a sol
La tierra con un cariño
Y hace que brote el amor
Por todo el sembradío
Y en las cosechas sin flor
Yo miro el mundo distinto
Por eso te extraño tanto
Parácuaro encantador
Por eso te extraño tanto
Parácuaro encantador
Te extraño tanto parácuaro
Con tus mañanas de sol
Te extraño tanto parácuaro
Con tus mañanas de sol
Arrieros es el caminante
Sus pasos son campesinos
Que marchan siempre adelante
Abriendo nuevos caminos
Y van sembrando el mañana
Y el porvenir de sus hijos
Para que tengan mañana
Un mundo nuevo y distinto
Por eso te extraño tanto
Parácuaro encantador
Por eso te extraño tanto
Parácuaro encantador
Te extraño tanto
Parácuaro parácuaro
Con tus mañanas de sol
Por eso te extraño tanto
Parácuaro encantador
Por eso te extraño tanto
Parácuaro encantador
"
416,"Del día la tarde la noche
Escogí la noche por bella
Del cielo el mar o la tierra
Escogí del mar una perla
Perla yo en tus ojos
Desde siempre veo el mar
Ese verde mar que hay en tu mirar
Perla cuando besas
Son tus besos siempre el sol
El juego de tu amor que hay en tu besar
Perla es mi día
Mi tarde mi noche
Mi cielo mi mar y mi tierra
Mi mujer eres tu perla
Perla es mi día
Mi tarde mi noche
Mi cielo mi mar y mi tierra
Mi mujer eres tu perla
Perla yo en tus ojos
Desde siempre veo el mar
Ese verde mar que hay en tu mirar
Perla cuando besas
En tus besos siento el sol
El juego de tu amor que hay en tu besar
"
417,"Me gusta cantar y cantar
y hacer canciones que hablen de amor
para enamorados tristes y alegres
que hablen siempre con la verdad
yo amo y estoy y estoy y estoy
muy enamorado y soy muy feliz
y cuando estoy triste busco la manera
de sonreír
por eso canta canta canta
que yo te invito a cantar conmigo
en esta vida siempre tenemos
por quien vivir
por eso canta canta canta
que yo te invito a cantar conmigo
ya no estés triste busca un amor
para que seas feliz
me gusta cantar y cantar
y hacer canciones que hablen de amor
para enamorados tristes y alegres
que hablen siempre con la verdad
yo amo y estoy estoy estoy estoy
muy enamorado y soy muy feliz
y cuando estoy triste busco la manera
de sonreír
por eso canta canta canta
que yo te invito a cantar conmigo
en esta vida siempre tenemos
por quien vivir
por eso canta canta canta canta canta
que yo te invito a cantar conmigo
ya no estés triste busca un amor
para que seas feliz
canta
"
418,"I was alone filled with sadness
Everything that I did
Just seemed to go wrong
Then you came along
And ended my madness
Filling me up with your love
And making me strong
I had no one I was a dreamer
Dreaming of someone like you
And hoping the dream
Would come true
Just like the sunshine
You ended the rain
With your love I forgot
I forgot I forgot all my pain
With your love
I'm no longer lonely
Happiness is having you here
With your love
I'll never be lonely
Anymore with your love
My pain disappeared
I had no one I was a dreamer
Dreaming of someone like you
And hoping the dream
Would come true yeah
Just like the sunshine
You ended the rain
With your love I forgot
I forgot I forgot
I forgot all my pain
With your love
I'm no longer lonely
Happiness is having you here
With your love
I'll never be lonely anymore
With your love
My pain disappeared
But with your love
I am no longer lonely
Happiness is having you here
With your love
I'll never be lonely anymore
With your love
My pain disappeared
My pain disappeared
My pain disappeared
With your love
"
419,"Hoy me he despertado
Con mucha tristesa
Sabiendo que mañana
Ya te vas de mi
Te juro mi vida
Que pensando en lo nuestro
Me pasé la noche
Casi sin dormir
Ya lo se que tu te vas
Que quizas no volveras
Que muy tristes hoy seran
Mis mañanas si te vas
Hasta cuando volveras
A mis brazos no lo se
Sera un eternidad
Creo que te voy a perder
Ya lo se mi amor
Que te vas te vas
Que ha llegado la hora
De decirnos adios
Te deseo buena suerte
Hasta nunca mi amor
Adios amor adios amor adios amor
Adios amor adios amor adios amor adios amor adios amor
Adios amor
Adios amor
"
420,"Si quieres me estoy contigo toda la vida hasta que muera
Si quieres puedo ayudarte a que me quieras a que me quieras un poco mas
Yo me estaria toda la vida siempre contigo
no creas mi vida que es mentira lo que te digo
yo me estaria ay toda la vida siempre a tu lado
porque mi vida yo estoy de ti enamorado
De que me gustas es verdad de que te quiero es verdad
mas si quieres aceptar no necesitas decir si
tan solo besame y sabras que como un loco estoy de ti enamorado
Yo me estaria toda la vida siempre contigo
no creas mi vida que es mentira lo que te digo
yo me estaria ay toda la vida siempre a tu lado
porque mi vida yo estoy de ti enamorado
De que me gustas es verdad de que te quiero es verdad
mas si quieres aceptar no necesitas decir si
tan solo besame y sabras que como un loco estoy de ti enamorado
"
421,"Es mejor terminar de una vez cariño
Es mejor por el bien por el bien de los dos
Yo sé que eres feliz a su lado no lo niegues
Lo noté através através de tus ojos
Yo sé reconocer
Cuando se pierde así a un amor
Why esta vez he perdido un gran cariño
Que yo quiero tanto pero aunque te extraño
Ay ay cariño yo sólo deseo tu felicidad
Es mejor terminar que engañarnos cariño
Sabes bien sabes bien que yo a tí
No te he mentido
Esto es lo que hoy de corazón te deseo
Que con él seas feliz muy feliz
Como lo fui contigo
Yo sé reconocer
Cuando se pierde así a un amor
Why esta vez he perdido un gran cariño
Que yo quiero tanto pero aunque te extraño
Ay ay cariño yo sólo deseo tu felicidad
"
422,"Olvidarte
Te juro no he podido
Tu imagen va conmigo
No la puedo borrar
Para siempre
Te seguiré amando
Y seguiré ansiando
Verte una vez más
No no puedo olvidarte
No no lo lograré
Mejor tú vive feliz
Que yo mientras viviré
No no puedo olvidarte
No no lo lograré
Mejor tú vive feliz
Que yo mientras sufriré
No no puedo olvidarte
No no lo lograré
Mejor tú vive feliz
Que yo mientras sufriré
Noche a noche
Sueño y sueño contigo
Por eso no te olvido
Y no lo puedo evitar
Despierto
Despierto sorprendido
Pues ya no está conmigo
Y comienzo a llorar
No no puedo olvidarte
No no lo lograré
Mejor tú vive feliz
Que yo mientras sufriré
No no puedo olvidarte
No no lo lograré
Mejor tú vive feliz
Que yo mientras sufriré
"
423,"Quiero amar y ser amado
quiero estar enamorado
encontrar el amor que soñé
realizar mi sueño esta vez
demostrarle al mundo que yo sé querer
caminar por un mundo mejor
donde no haya odio ni rencor
necesito encontrar un amor un amor
Quiero querer y que me quieran
quiero entregar mi vida entera
encontrar el amor que soñé
realizar mi sueño esta vez
demostrarle al mundo que yo sé querer
caminar por un mundo mejor
donde no haya odio ni rencor
necesito encontrar un amor un amor
un amor un amor un amor un amor
un amor ehh un amor
"
424,"Si estas pensando
Que sufriendo estoy
Estas soñando
No sabes quien soy
Soy insensible
A heridas de amor
Jamas exclamo
Un 'ay' de dolor
Te has engañado
Me siento muy bien
No te he extrañado
No tengo por que
Fuiste aventura
Como muchas mas
Amor a obscuras
Sin felicidad
Talvez te quise
Lo mismo que tu
Cuando te fuiste
Volvi a ver la luz
Otra vez Otra vez Otra vez
Vivo en pa-az (vivo en pa-az)
No estas conmigo
No estoy contigo
Por eso ahora mismo vivo muy en paz
Si estas pensando
Que sufriendo estoy
Estas soñando
No sabes quien soy
Soy insensible
A heridas de amor
Jamas exclamo
Un 'ay' de dolor
"
425,"Tú me dijiste adiós
Y que volverías
Yo muy triste me quedé
Sabía sufriría
Pero debes saber
Vida mía
Que tu ausencia
Aunque me duele
Yo te sigo
Esperando hoy y siempre
Como el primer día
Aquí guardo este amor
Que sufriendo
Alcanzó tu cariño
Sé que tú volverás
Yo te voy a esperar
Más
"
426,"Con sólo verte una vez más
yo me conformaría
con sólo verte una vez más
yo te daría mi vida
Es tanto el tiempo que vivo sin tí
que ya no puedo más
yo sé que tienes toda la razón
y que la culpa es mía
Ten aunque no quieras tú
mis besos llevarás en tí y muchas cosas más
en mí tan sólo queda la ilusión de volverte a mirar amor
tan sólo una vez más
Yo no he podido
olvidar tus besos ni tu linda cara ni tus caricias
que me acostumbraron a vivir contigo a soñar despierto
y a besar dormido y ahora me conformo ahora me conformo
con volverte a ver
Yo no he podido
olvidar tus besos ni tu linda cara ni tus caricias
que me acostumbraron a vivir contigo a soñar despierto
y a besar dormido y ahora me conformo ahora me conformo
con volverte a ver
Con sólo verte una vez más
yo te daría mi vida
"
427,"No me vuelvo a enamorar
totalmente para que
si la primera vez que
entregue mi corazon
me equivoque
no me vuelvo a enamorar
porque esta decepcion
me a dejado un mal sabor
me a quitado el valor
de volverme a enamorar
ya jamas tropesare
en nadie me fijare
no me vuelvo a enamorar
no me vuelvo a enamorar
totalmente para que
si la primera vez que
entregue mi corazon
me equivoque
no me vuelvo a enamorar
porque esta decepcion
me a dejado un mal sabor
me a quitado el valor
de volverme a enamorar
ya jamas tropesare
en nadie me fijare
no me vuelvo a enamorar
no me vuelvo a enamorar
totalmente para que que
"
428,"Todas las cosas que soñamos 
con amor las realizamos 
discutimos peleamos 
y despues nos contentamos 
Estas cosas son pequeñitas 
son cosas de enamorados 
y nos queremos nos extrañamos 
y si lloramos nono es de dolor ah ah 
Y si te busco quiero encontrarte 
porque mas que tu amigo 
yo soy tu amante 
Y nos queremos nos extrañamos 
y si lloramos nono es de dolor ah ah 
Y si te busco quiero encontrarte 
porque mas que tu amigo 
yo soy tu amante 
yo soy tu amante 
yo soy tu amante
"
429,"No vale la pena
lo que tu me quieres 
porque es muy poquito
eso no me llena
no me es suficiente
quiero otro tantito
No vale la pena
tus distantesitas
casi no te veo
la intension es buena
nadie te lo quita
pero mas yo quiero
No vale la pena corazon
es amor de un rato
si siempre yo te veo corazon
muy debes en cuando
No vale la pena
date cuenta de eso 
que lo que tu me has dado
es una miseria 
son muy pocos besos
para un enamorado
No vale la pena corazon
es amor de un rato
si siempre yo te veo corazon
muy debes en cuando
No vale la pena
date cuenta de eso 
que lo que tu me has dado
es una miseria 
son muy pocos besos
para un enamorado
NO VALE LA PENA
"
430,"Si nosotros nos hubieramos casado
hace tiempo cuando yo te lo propuse
no estarias hoy sufriendo ni llorando
por aquel humilde amor que yo te tuve 
caray cuando te tuve cuando te tuve [2x]
Pero tu me abandonaste por ser pobre
te casaste con un viejo que es muy rico
y llore y llore y llore noche tras noche caray 
noche tras noche caray noche tras noche 
Ahora soy yo quien vive feliz
forme un hogar cuando te perdi
despues despues yo te olvide y te perdone
y no puedo hacer 
ya nada por ti ya nada por ti ya nada por ti
Con el tiempo a ti tambien te abandonaron
y ahora vives infeliz y desgraciada
muy sola y muy triste te dejaron
y sin dinero sin el sin mi sin nada caray
sin sin dinero caray sin mi sin nada [2x]
Todo por casarte con un rico
hoy sabes que el dinero no es la vida
ni la felicidad quedo muy tarde caray   
lo has comprendido caray lo has comprendido
Ahora soy yo quien vive feliz
forme un hogar cuando te perdi
despues despues yo te olvide y te perdone
y no puedo hacer 
ya nada por ti ya nada por ti ya nada por ti
Ahora soy yo quien vive feliz
forme un hogar cuando te perdi
despues
yo te olvide y te perdone
y no puedo hacer 
ya nada por ti ya nada por ti ya nada por ti
"
431,"Me vengo a entregarte
Totalmente y por amor
Quiero ver tus lindos ojos
Quiero ver tu labios rojo
Quiero velos pero frente a mi
Me vengo a entregarte
A nada dire que no
Todo lo que tu me pidas
Todo lo que tu me digas
Yo lo voy hacer mi amor
Todo te voy a entregar
Lo que yo tengo dentro y fuera de mi
Todo todo todo todo todo
Todo te voy a entregar
Asi lo siento detro y fuera de mi
Que no senti jamas por nadie
Porque nadie nadie nadie
Me quiso tanto como tu mi amor
Y ahora te voy entregar
Lo que he guadado dentro y fuera de mi
Que no le quise dar a nadie
Por  que nadie nadie nadie
Me quiere tanto como tu mi amor
Pero te voy a dar tanto amor
El que he guadado dentro y fuera de mi
Que no le quise dar a nadie
Por  que nadie nadie nadie
Me quizo tanto como tu mi amor
Nadie me quiere como tu mi amor
Ni me querran como tu mi amor
Todo
"
432,"Si decides tu vivir conmigo siempre
pues yo estoy en la mejor disposición
A partir de este momento si tu quieres
sin ponerte yo ninguna condición
Eso es lo que yo quiero ay alma mía pero tú no te decides hoy aun
No te fijes en la gente y lo que digan
quien realmente a mí me importa eres tú
Porque tu eres justamente lo que quiero ay alma mía
Haz de cuenta que naciste para mí
Justamente lo que yo necesitaba ay alma mía
para amar y ser amado hasta morir
Ahora quiero que tú sepas alma mía
que no miento que te digo la verdad
Yo te quiero comprobar que no es mentira
solamente dame una oportunidad
Además si tu me gustas y te gusto
yo no veo el porque no puede ser
Que vivamos los dos juntos muy a gusto
cuando quieras nada más decídete
Porque tu eres justamente lo que quiero ay alma mía
Haz de cuenta que naciste para mí
Justamente lo que yo necesitaba ay alma mía para amar
y ser amado hasta morir
Porque tu eres justamente lo que quiero ay alma mía
Haz de cuenta que naciste para mí
Justamente lo que yo necesitaba ay alma mía para amar
y ser amado hasta morir
"
433,"Yo sé que usted
Tiene algo que decirme
Y no encuentra cómo hacerlo
Tal vez porque siente miedo
Pues bien sabe cómo herirme
Yo sé que usted
No halla como despedirme
Yo resuelvo su problema
Usted por mí no sienta pena
Que mi orgullo esta muy firme
Yo me voy yo me voy
Si usted ya no me quiere
Y antes de que me lo diga
No no no yo mejor me voy
Quédese tranquila
Que yo ya me voy
Yo me voy si usted ya no me quiere
Que disfrute los placeres
Que le brindan los quereres
De su más reciente amor
Yo me voy yo me voy
Si usted ya no me quiere
Y antes de que me lo diga
No no no yo mejor me voy
Quédese tranquila
Que yo ya me voy
Yo me voy si usted ya no me quiere
Y que disfrute los placeres
Que le brindan los quereres
De su más reciente amor
De su más reciente amor
De su más reciente amor
Que yo me voy
"
434,"Yo crei que eras buena
Yo crei que eras sincera
Yo te di mi cariño
Resultaste traicionera
Tu me hiciste rebelde
Tu me hiciste tu enemigo
Porque me traicionaste?
Sin razon y sin motivo
Este orgullo que tengo no lo vas a mirar
En el suelo tirado como a una basura
Yo me quito hasta el nombre y te doy
Mi palabra de honor que de mi no te burlas
Yo te juro por todo lo que sucedio
Que te arrepentiras de este mal que me has hecho
Sabes que? que no descanzare hasta verte a mis pies
Y eso dalo por hecho
Ya veras traicionera lo vas a pagar muy caro
Yo soy bueno a la buena y por la mala soy muy malo
No quisiste ser buena
Y ya vez lo que resulta
Yo no quise ser malo pero tu tienes la culpa
Y es que tu ya de mi no te vas a burlar
Hoy de puro capricho yo hare que me quieras
Ya veras que hasta vas a aprender como debes amar
A Dios en tierra ajena
Porque tu a mis espaldas me hiciste traicion
Hoy por eso te voy a quitar lo farsante
Voy hacer que tu incada me pidas perdon
Y me implores amor
Delante de tu amante
"
435,"Ya no quiero volver con usted se lo juro esta vez si es cierto
Ya no vuelvo a morirme de sed por su amor que es igual a desierto
Ya no quiero volver con usted ya no quiero ser más su juguete
Se lo juro que todo acabo que nada quedo de aquel anda y vete
Se lo juro que todo acabo que nada quedo de aquel algarüete
Ya no quiero volver con usted con usted desperdicio la vida
Ya no vuelvo a morirme de sed por su amor que es la cusa perdida
Ya no quiero volver con usted quítese eso de su pensamiento
Se lo juro que todo acabo que nada quedo de aquel sentimiento
Y se lo juro que todo acabo que nada quedo de nada aquí adentro
Y se lo juro que todo acabo que nada quedo de aquella locura
Y se lo juro que todo acabo que nada quedo de aquella aventura
"
436,"Conosi un madrileña
con los ojos mas hermosos
que los de la malagueña
y en sus lindos labios rojos
se notaba lo risueña
que en la noche y sus antojos
y esa noche la trigeña
me enseño todo madrid
me dijo ven y entonces fui
le dije que
y me dijo si
conosi un madrileña
con lo ojos mas hermosos
que los de la malagueña
hablamos cantamos
y luego
una copita por aqui
y una copita por haya
y otra copita por ahi
y otra copita mas
hay que se nos sube las copitas
caramba y que pasa
lo que es natural
ole ole ole ole
esa noche fue la dueña
de mis noches mas preciosa
y por todo lo que ella enseña
y con coqueteria graciosa
amor a la malidreña
una experiencia mas hermosa
que he vivido yo en madrid
me dije ven y entonces fui
le dije que y me dijo si
conosi una madrileña
con los ojos mas hermosos
que los de la malagueña
hablamos cantamos
y luego
una copita por aqui
que rica
y otra copita por haya
sabrosa
una copita por aqui
y otra copita por haya
y otra copita por ahi
y otra copita mas
hay que se nos sube las copitas
caramba y que pasa
lo que es natural
que si aja
que rica son las cosas que hacen en madrid
que ricas esas copas una mas y otra mas
y una mas y otra mas
una copita por aqui
y otra copita por haya
y otra copita por ahi
y otra copita mas aca
que rica son las cosas hay que hacen de madrid
que ricas esas copas hay que mas de ahi
"
437,"Poco a poco lentamente yo me 
vuelvo loco loco y es por tí 
pero tú no me haces caso que 
tristeza que fracaso Isi Isi Isi 
Yo te busco tú te escondes yo 
te llamo y no respondes nunca 
si tu estas enamorada de otro 
yo no valgo nada Isi Isi Isi 
Dame solamente una esperanza 
no no Isi Isi 
no me tengas desconfianza 
no no Isi Isi 
tú me gustas pero aparte 
yo te quiero en realidad 
Dame solamente 
Quiero comprobarte que mi amor por 
tí es tan grande que no cabe en mí 
pero quiero compartirlo mas yo 
insisto que contigo Isi Isi Isi 
Hazme caso no me ignores yo 
quiero que te enamores tú de mí 
yo ya estoy enamorado y además 
ilusionado de tí Isi Isi 
Dame solamente
"
438,"Dios te perdone lo que hicistes tu conmigo
Voy a empezar a olvidarte
No se cuanto tiempo sufra de dolor
Por extrañarte
Aunque me muera por verte
Nunca mas iré a buscarte
Aunque me muera por verte
Nunca mas iré a buscarte
Que dios me ayude
A encontrarle buen alivio
A esta tristeza tan grande
Aunque tuve
Yo la culpa no devi enamorarme
Yo no devi a marte nunca
Pero ya hoy es muy tarde
Yo no devi amarte nunca
Pero ya hoy es muy tarde
Tengo que olvidar las cosas de ayer
Tengo que pensar en mi
Tengo que olvidar
Yo se que podre
Volver a empezar sin ti
Tengo que olvidar no tengo por que
Sufrir y llorar a si
Dios bendiga tu camino
Mientras tanto que te olvido
Te deseo que seas feliz
Tengo que olvidar las cosas de ayer
Tengo que pensar en mi
Tengo que olvidar yo se que podre
Volver a empezar sin ti
Tengo que olvidar no tengo
Por que sufrir y llorar a si
Dios bendiga y tu camino
Mientras tanto que te olvido
Te deseo que seas feliz
Feliz feliz
"
439,"Cd Juárez es numero uno
Cd Juárez es the number one
y la frontera más fabulosa y bella del mundo
cd Juárez es numero uno
cd Juárez es the number one
y la frontera donde se encuentra el amor profundo
¡¡¡arriba Juárez!!!
cd Juárez es numero uno
cd Juárez es the number one
y la frontera en donde debe vivir dios
¡¡¡arriba Juárez!!!
aha
Juárez que viva por siempre que viva su historia
que le han dado gloria
que viva su gente
cd Juárez es (Juárez es bello)
cd Juárez es (Juárez es canto)
cd Juárez es (Juárez es baile)
cd Juárez es (Juárez es limpio)
Juárez es todo
Juárez es dulce
Juárez es brillo
Juárez es claro
Juárez es suyo
Juárez es mío
Juárez es risa
Juárez es rico
gracia fuerte cierto franco bueno listo grande joven
cd Juárez es…
todo un amor (un amor un amor un amor)
arriba Juárez aha aha
arriba Juárez aha aha
hu hu hu
cd Juárez es numero uno
cd Juárez es the number one
y la frontera mas fabulosa y bella del mundo
cd Juárez es numero uno
cd Juárez es the number one
y la frontera donde se encuentra el amor profundo
woooooo
oh cd Juárez es un amor
cd Juárez es un amor
y la frontera en donde debe vivir dios
Juárez que viva por siempre que viva su historia
que le han dado gloria
que viva su gente
woooooo
cd Juárez es (Juárez es bello)
cd Juárez es (Juárez es canto)
cd Juárez es (Juárez es baile)
cd Juárez es (Juárez es limpio)
Juárez es todo
Juárez es dulce
Juárez es brillo
Juárez es claro
Juárez es suyo
Juárez es mío
Juárez es risa
Juárez es rico
gracia muy fuerte muy cierto muy franco
muy bueno muy listo muy grande muy joven
cd Juárez es…
todo un amor (un amor un amor un amor)
hu hu hu he
Juárez es el numero 1
Juárez es the number one
"
440,"Meche mi dulce y buena Meche 
Mi enamorada Meche porfavor 
Meche no admitas que te hieran 
no eres una cualquiera dile adios 
El nunca sabra no cuan grande es tu amor 
El nunca sabra no ya vez que no comprende 
del buen amor no entiende estas perdiendo el tiempo 
todo es por demas 
olvida que te quizo 
y olvida que lo quieres el no merece Meche 
que estes llorando asi 
Es mejor decirle una vez adios 
y que sea feliz con su amor 
y tu sigue siendo la señora que 
Tu tendras tranquilo siempre el corazon 
Meche nunca te humilles 
Meche nunca le llores 
Meche espero 
Meche ya no le insistas 
Meche nada le digas 
Meche es mejor 
El nunca sabra no cuan grande es tu amor 
El nunca sabra no ya vez que no comprende 
del buen amor no entiende estas perdiendo el tiempo 
todo es por demas 
olvida que te quizo 
y olvida que lo quieres el no merece Meche 
que estes llorando asi 
Meche Meche Meche Meche 
no no no le busques mas 
Meche Meche Meche Meche 
no no no le busques mas 
No llores mas y mira 
tu vive muy tu vida 
no sufras mas amiga no no 
hay cosas en la vida 
que duelen mas 
no sufras mas amiga no no
"
441,"Desde aquella noche
Cuando yo te vi
Me di cuenta que eres alguien especial
Me sentí contento y mucho muy feliz
De haber ido esa noche al bar
Tu bailabas y bailabas y yo
Te veía y te veía
Así bailar tu mirada tan coqueta que me dio
Que no te quitaba la vista al bailar
Yo brinde contigo a lo lejosSalud contestaste
Muy sonriente tu Salud y charlamos largamente
Y tu no sabias quien era yo
Mis amigos muy sorprendidos de mí
Me veían muy contento y muy feliz
Yo les dije muy seguro que al fin he encontrado
Un buen amor
Todo esto fue en el Noa Bar
Todo esto fue en un bello momento
Que lindas noches que tiempos
Los del Noa Noa Bar
Todo esto fue en el Noa Bar
Todo esto fue en un bello momento
Que lindas noches que tiempos
Los del Noa Noa Bar
Ahora Amor!
Ahora nos queremos Mucho
Ahora Tu ahora yo vivimos juntos
Gracias al Noa Noa Noa Noa Bar
Gracias al Noa Noa Noa Noa Bar
Gracias al Noa Noa Noa Noa Bar
Gracias Amor!
Gracias Amor!
Gracias Amor por haber ido esa noche al bar
Gracias Amor por haber ido esa noche al bar
Gracias Amor por haber ido esa noche al bar
Que vivan las noches
Del Noa Noa
Que vivan las noches de Juventud
Que vivan las Noches
Del Noa Noa
Que vivan las noches de plenitud
Que vivan las Noches
Del Noa Noa
Que vivan las noches de juventud
Que vivan las noches
Del Noa Noa
Que vivan las noches de plenitud
Baila Baila conmigo conmigo
Baila Baila conmigo conmigo
Baila Baila conmigo conmigo
Baila Baila Baila conmigo conmigo
Aquí todo el mundo tiene que cantar
Aquí todo el mundo tiene que reír
Aquí todo el mundo tiene que bailar
Aquí todo el mundo tiene que vivir
Aquí todo el mundo tiene que cantar
Aquí todo el mundo tiene que reír
Aquí todo el mundo tiene que bailar
Aquí todo el mundo tiene que vivir
Aquí todo el mundo tiene que cantar
"
442,"Cada vez que paso por las calles de Juarez 
me traen muchos recuerdos de cuando era niño 
Me parece ver a las gentes las cuales recuerdo 
con mucho cariño 
Ha cambiado mucho mi barrio poco a poco van habiendo 
mas casas con agua gas y luz no quiero que se respire 
la misma pobreza la cual me da tristeza desde mi juventud 
Las señoras amigas de mi madre cuando voy a olvidarlas? 
nunca son todas un amor acada una le digo a nombre de ella 
y mio que las bendiga Dios Con cariño y respeto yo recuerdo 
a todos mis amestros pues de ellos parte soy hoy supiro 
por todos esos años recuerdos de momentos que hoy extraño 
gracias por tanto amorgracias por tanto amor A los siete 
años tuve mi primer amigo un lindo viejecito que se 
llamaba Juan por el me puese ese nombre tan bonito 
porque ese veijecito me enseño a trabajar Juan Juan Juan 
Mujer fuerte audaz capaz bastante activa y muy constante 
tal como era mi escuela directora amiga profesora 
y toda una señora su nombre Micaela A todas aquellas 
personas que e conocieron y que siempre me dieron cariño 
y amor quiere decirles que los recuerdo que siempre los 
llevo conmigo por donde quiera que yo voy y que nunca los voy a olvidar 
ni a Micaela ni a mis maestros ni a las a migas de mi madre 
ni a mi gran amigo Juan Juan 
Eternamente agradecido: Alberto Aguilera Valadez 
Cambio de ritmo 
Juarez oh Juarez 
es mi ciudad es mi gente 
es Juarezoh Juarez 
aqui es donde nace el amor 
arriba Juarez arriba Juarez 
Juarez oh Juarez 
es mi ciudad es mi gente 
Juarez es siempre mi guiami tarde mi noche 
mi luna mi sol a todo Juarez 
las gracias le doy 
las gracias le doy 
las gracias le doysi
"
443,"Que no diera yo por un dia volver 
a los dias de amor dias del ayer 
Volverte a encontrar volverte a querer 
volverte a entregar mi primera vez 
Yo diera por volver contigo todo cuanto soy 
yo diera por volver contigo todo lo de hoy 
Yo diera por volver contigo todo y cuanto se 
yo diera por volver contigo todo y cuanto ves 
Ya no he vuelto a amar como yo te ame 
se que igual jamas yo no amare 
que no diera yo por volver a aquellos dias 
tan hermosos ¿te acuerdas? son los dias 
mas hermosos de mi vida los dias del ayer"" 
Como extraño esos dias divinos vividos ayer 
oh todo diera por volver contigo cariño otra vez 
Yo diera por volver contigo todo y cuanto se 
yo diera por volver contigo todo y cuanto ves 
Pero que no diera yo todo por volver 
a los dias de amor dias del ayer
"
444,"Yo no tuve la suerte de ser
no no no
tu vida
a tu madre no le interese
ella queria
lo mejor para ti no era yo
ella decia
decia
que muy poco era yo
y me quito ella tu amor
un triste dia
ella ella si
aun con todo lo q sucedio
yo yo yo tengo
los mas bellos recuerdos de ti
bellos momentos
que recuerdo
y vuelvo a vivir el tiempo
el tiempo
en q fui tan feliz
cuando eras para mi
y hoy son recuerdos
bellos bellos si
solo eres un bello recuerdo
de amor de ayer de ayer
de hoy de hoy
y de siempre
yo se bien q te acuerdas de mi
pero eres eres tu
ya casada y quiza muy feliz
hoy hoy hoy tienes
todo lo q no te pude dar
hoy tu madre muy feliz ha de estar
de tu buena suerte
vuelvo a sentir tanto amor
no no no como antes
porq nadie me amo como tu
y es q no no no sabes
de la entrega total como tu
no no no hay nadie
tres veces lo intente
y las tres fracase no no no
no supe amarles
no no no
solo eres un bello recuerdo de amor
de ayer de ayer
de hoy de hoy
y de siempre
yo se bien q te acuerdas de mi
pero eres eres tu
ya casada y quiza muy feliz
hoy hoy hoy tienes
todo lo q no te pude dar
hoy tu madre muy feliz ha de estar
de mi mala suerte
"
445,"Querida
cada momento de mi vida
yo pienso en ti mas cada dia
mira mi soledad
mira mi soledad
que no me sienta nada bienohh ven ya
Querida
no me ha sanado bien la herida
te extraño y lloro todavia
mira mi soledad
mira mi soledad
que no me sienta nada bienoh ven ya
Querida
piensa en mi solo un momento y ven
date cuenta de que el tiempo es cruel
y lo he pasado yo sin tioh ven yaah ah 
Querida
hazlo por quien mas quieras tu
yo quiero ver de nuevo luz
en toda mi casa
oh oh Querida
ven a mi que estoy sufriendo
ven a mi que estoy muriendo
en esta soledad
en esta soledad
que no me sienta nada bienven
Querida
por lo que quieras tu mas ven
mas compasion de mi tu ten
mira mi soledad
mira mi soledad
que no me sienta nada bien
Querida
Querida
Dime cuando tu
dime cuando tu
dime cuando tu vas a volver ajai
Dime cuando tu
dime cuando tu
dime cuando tu vas a volver
Queridaeje
Querida
Dime cuando tu
dime cuando tu
dime cuando tu vas a volver ajai
Dime cuando tu
dime cuando tu
dime cuando tu vas a volver
aja aja tu ven a mi soledadtu
yo no puedo ni me quiero olvidar ahu
dime cuando tu hey tu
dime cuando tu hey tu
"
446,"Que como me la maravillaría yo
Que como me la maravillaría yo
Que como me la maravillaría yo
Que como me la maravillaría yo
Bailando soy feliz bailando
Bailando soy feliz Bailando
A mi me gusta mucho el ritmo de la música
"
447,"Besame dame solo un beso 
dame solo un beso tuyo 
deja a un lado el loco orgullo 
que no deja que te acerques 
un poquito a mi 
Dame un beso aqui en mi boca 
que tu boca me provoca 
y a mi vida vuelve loca 
mas no quiero que tu pienses 
que por conseguir 
Que tu cumplas mis antojos 
si no mirame a los ojos 
tu sabras si estoy mintiendo 
porque no es asi 
Es porque 
desde hace buen tiempo 
este amor 
por ti yo lo siento 
tanto que te adoro de mas 
Necesito un beso 
vamos dame un beso 
no seas tan timida nena 
nada te va a pasar 
Besame 
a quien le tienes tanto miedo 
besame 
besame 
a quien le tienes tanto miedo 
besame 
necesito un beso 
vamos dame un beso 
ven y dame un beso 
Besame besame un poco 
mira besame me vuelvo loco 
mira besame cuando te toco 
mira besame me vuelvo loco 
mira besame desespero mas 
Sabes que estoy enamorado de ti 
pero me siento un poquito mal 
sera porque no me quieres besar 
ay besame ay besame 
nada nada nada pasara 
estoy enamorado como un loco de ti 
Necesito un beso 
vamos dame un beso 
yo te quiero mucho 
y lo sabes tu 
No seas tan timida nena 
nada te va a pasar 
oye bien lo que te digo cariño 
que no puedo estar asi 
Yo escogi este buen momento 
de decir por fin lo que siento 
besame y lo comprobaras 
besame y tu lo sabras 
si es mentira o es verdad 
cariño 
Besame 
a quien le tienes tanto miedo
"
448,"Nos enamoramos
desde que nos vimos
fue todo tan lindo
romance divino como es el amor
y ahora nos amamos con tanto cariño
amantes amigos
vivimos unidos en todo tu y yo
Solo quiero estar contigo solo contigo
megusta estar donde estas tu
me gusta vivircontigo solo contigo
llenarme de tu juventud
Tus ojos mexicanos lindos
que solo amor se mira en ellos
yo se que son que son divinos
erencia de tus padres bellos
Me gusta que estes conmigo solo conmigo
me gusta que estes donde estoy
me gusta ser tu amante tambien tu amigo
llevarte pordonde yo voy
tus ojos mexicanos lindos
que solo amor se mira en ellos
yo se que son que son divinos
herencia de tus padres bellos
tienes unos ojos lindos tan hermosos
me encantan que me encantan
tienes unos ojos tan hermosos
que me estan volviendo loco
loco aja ieie
tienes unos ojos tan hermosos
que me estan volviendo
loco loco loco loco loco loco
eres siempre el angel de mi vida
siempre el angel de mis sueñ sueños aja ieie
sueños sueños sueños sueños sueños sueños
tienes unos ojos lindos tan hermosos ne encantan
que me encantan
lindos
que solo amor se mira en ellos
yose queson que son divinos
herencia de tus padres bellos
uuuu y son muy lindosque solo amor se mira en ellos
yose queson que son divinos
herencia de tus padres bellos
"
449,"Un día más y otro más 
sin tu cariño 
que hacer donde estar 
siempre es lo mismo 
Quisiera encontrar otra como tú 
que sea mejor que tú 
que se parezca a ti 
tu cara nada más 
O irme lejos de aquí 
donde no vallas tú 
pero en mi mente estás 
no te puedo olvidar 
que horrible soledad 
Como he de ser felíz 
si la felicidad 
la tienes toda tú 
y no me quieres dar 
Que culpa tengo yo 
que me encuentre de ti 
enamorado enamorado 
Si doquiera estás tú 
un lugar ya no existe 
que no me hable de ti 
y al final es soledad 
De que manera di 
tu quieres que te olvide 
si sabes tu muy bien 
que yo no se olvidar 
De que manera di 
tu quieres que te olvide 
si en todo Monterrey 
tus recuerdos están
"
450,"Luisa Maria Luisa Maria Maria Luisa Luisa 
El 22 del mes doceavo vi nacer
Ha un angel mas hermoso que el amanecer
Llegan ramos de rosas
Mas regalos y cosas como muestras de amor
Luisa Maria Luisa Maria
Luisa Maria ha empesado a decir mama
Sonrie juega y duerme en brazos de papa
Le regalan su cuna
Dormira  blancas lunas
Que bendijo su paz
Es un angel que ha llegado desde cielo azul
Con la venia del eterno para ser la luz
Que ilumine mi sendero para ver mejor su amor
Es un angel que ha llegado a mi soledad
Para ser de mi tristeza la felicidad
Es un sueño que se ha vuelto realidad y esplor
Con perfume a paso a donde huele solamente ha amor
Ay ay ay ay ay
Luisa Maria ahora es que empeso a crecer
Traviesa inquieta y guapa un poco mas que ayer
Se volvio corajuda porque mas travesuras no le dejan hacer
Luisa Maria
Luisa Maria ahora se vuelve mujer
Se vuelve mas hermosa que el atardecer
Ha cumplido otro año va subiendo el peldaño que le hara florecer
Es un angel que ha llegado desde cielo azul
Con la venia del eterno para ser la luz
Que ilumine mi sendero para ver mejor el amor
Es un angel que ha llegado a mi soledad
Para ser de mi trizteza la felicidad
Es un sueño que se ha vuelto realidad y esplor
Con perfume a paso a donde huele solamente ha amor
Y es un angel que ha llegado desde el cielo azul
Luisa Maria Luisa Maria eres el amor amor amor
Y eres el angel que ha llegado a mi soledad
Luisa Maria Oh Luisa Maria eres el amor el amor el amor
Y eres el angel que ha llegado a mi soledad
Luisa Maria Oh Luisa Maria eres el amor eres el amor
Y eres el angel que ha llegado desde el cielo azul
Luisa Maria Oh Luisa Maria eres el amor el amor el amor
Y eres el angel que ha llegado a mi soledad
Para ser de mi trizteza la felicidad
Y es un sueño que se ha vuelto realidad y esplor
"
451,"Amor es amor del mundo lo mas grande que hay 
amor es amor no tiene final jamás 
ya lo han dicho mil poetas en los versos mas hermosos 
el amor es el que reina en cada ser que tiene corazón 
Amor es amor del mundo lo mas grande que hay si 
amor es amor no tiene final jamás 
mira la naturaleza mira que bella es la vida 
es amor el que respiras en todo el mundo hallaras amor 
Con tan sólo un poco de amor yo me conformaría 
con tan sólo un poco de ti te daría mi vida 
no espero más ni te pido más con eso me basta 
para vivir feliz feliz 
Dame un poco de amor sólo un poco de amor 
dame un poco de amor un poquito de amor
"
452,"Donde estés hoy y siempre 
yo te quiero conmigo 
necesito cuidado 
necesito de tí 
Si me voy donde valla 
yo te llevo conmigo 
no me dejes ir sólo 
necesito de tí 
Tú me sabes bien cuidar 
tú me sabes bien guiar 
todo lo haces muy bien tú 
ser muy buena es tu virtud 
Como te puedo pagar 
todo lo que haces por mí 
todo lo felíz que soy 
todo este inmenso amor 
solamente con mi vida 
pues ten mi vida te la doy 
pero no me dejes nunca 
nunca nunca 
te lo pido por favor
"
453,"Yo no se que me paso
Pero no siento mas amor por ti
Es mejor terminar
Que seguir así
Es muy triste lo se
Es muy triste lo se
Pero que puedo hacer 
Y que puedo hacer si hoy
Ya no siento mas amor 
Muy de repente se acabo
Es mejor la verdad
Yo no se mentir
Es verdad que te ame
Es muy cierto te ame
Pero ahora ya vez
Um ahora ya vez que no
Por algún tiempo sufriras
Yo lo se
Pero alguien vendrá y te dará su amor
Tarde o temprano tu
Volverás a ver la luz
Pero nunca le hieres
Nunca le humilles
Nunca le engañes
Nunca le dañes su amor
Para que nunca te abandonen
Debes de dar amor sincero
Para acabar con las traiciones
Debes decir adios primero
Como yo
Ya no siento mas amor
Muy de repente se acabo
Es mejor la verdad
Yo no se mentir
Es verdad que te ame
Um muy cierto te ame
Pero ahora ya vez
Um ahora ya vez que no
Por algún tiempo sufriras
Yo lo se
Pero alguien vendrá y te dará su amor
Tarde o temprano tu 
Volverás a ver la luz
Pero nunca le hieres
Nunca le humilles
Nunca le engañes
Nunca le dañes su amor
Para que nunca te abandonen 
Debes de dar amor sincero
Para acabar con las traiciones
Debes decir adios primero
Como yo
"
454,"Adios amor hoy me retiro 
me voy de ti 
me voy tan lejos 
que no se como he de volver 
adios amor hoy me despido 
se muy feliz 
dios quiera encuentres el amor 
que no te di ya vez 
y no me busques 
nunca mas 
por que jamas 
me encontraras 
ni tu ni yo 
tenemos ya mas de que hablar 
y ahora yo me voy 
te olvidare y sin rencor 
este es mi adios [2x]
Adios amor hoy me retiro 
ohhh me voy de ti 
me voy tan lejos 
que no se como he de volver Adios 
Me duele en el alma saber que terminamos amor 
que tengas buena suerte donde quiera que te encuentres 
adios querido amor adios 
no pudo ser posible amor ohh fue por demas 
que lastima 
mejor me voy 
que pena da no haber triunfado 
en esta ocasion sera otra vez 
y espero que no haya otro adios no haya otro adios 
Que lastima [2x]
"
455,"Querer mirar
Realmente el sol
Sabiendo que no puedo 
Querer llegar
Hasta el mas halla
Sabiendo que solo muerto 
Es como querer tener a ese corazon
Que hoy otro es el dueño
Ya no la molestare
No me puede querer
Y ni yo debo 
Ella tiene otro amor
Que le da su calor
Y dejarlo no debe
Y la veo muy feliz
Aunque ha veces pienso
Que todavía me quiere 
Yo no se si mañana
La veré en mis brazos
Solo se que fue en marzo
Cuando la conocí 
Ella tiene otro amor
Que le da su calor
Y dejarlo no debe
Y la veo muy feliz
Aunque ha veces pienso
Que todavía me quiere 
Yo no yo se yo no se si mañana
La veré otra vez en mis brazos
Solo se que fue en marzo
Cuando la conocí 
Yo no yo se yo no se si mañana
La veré otra vez en mis brazos
Solo se que fue en marzo
Cuando la conocí
"
456,"Si preguntaras que por qué te quiero tanto
Ni yo mismo se por que ni yo mismo se por que
Mas yo te amo
No creo hacerte daño con quererte
No importa que no llegues a quererme
Estoy acostumbrado a tus desprecios
Que el día que me acaricies llorare
Te quiero tanto tanto
Que aunque quiera
Dejarte de olvidarte no podre
Si tu quisieras dejarme
Lo hubieras echo de una vez ya
Pero es que hasta tu comprendes
Que es muy difícil otro encontrar amor
Que a cambio de tus desprecios te de su amor
Y mil cosas mas
Te digo que tus desprecios
Me he acostumbrado y es la verdad
Y que tan solo con verte y estar a tu lado
Yo vivo muy feliz amor
Que sufro cuando te miro que estas muy triste
Y creo que es por mi
"
457,"Te llamo pero no respondes 
Te busco pero tu te escondes 
Te espero pero nunca vienes 
Te quiero pero no me quieres 
En vano no siento tanto amor 
estoy dando de mas tal vez no logre 
que tu me quieras como yo por que soy pobre 
pero algun dia no se yo voy a ser mejor que tu 
no se ni cuanto he de esperar 
pero muy rico un dia sere 
Quizas no tengas juventud 
pero yo igual te he de querer 
y entonces vas a saber tu y entonces tu vas a saber 
que asi se quiere en veracruz [2x]
"
458,"No sabía de tristezas ni de lagrimas ni nada
Que me hicieran llorar
Yo sabía de cariño de ternura
Porque a mí desde pequeño
Eso me enseñó mamá
Eso me enseño mamá
Eso y muchas cosas más
Yo jamás sufrí yo jamás lloré
Yo era muy feliz yo vivía muy bien
Yo vivía tan distino algo hermoso algo divino
Lleno de felicidad
Yo sabía de alegrias la belleza de la vida 
Pero no de soledad pero no de soledad
De eso y muchas cosas más
Yo jamas sufrí yo jamas lloré 
Yo era muy feliz yo vivía muy bien
Hasta que te conocí 
Vi la vida con dolor
No te miento fuá feliz 
Aunque con muy poco amor
Y muy tarde comprendí 
Que no te debía amar
Porque ahora pienso en tí 
Más que ayer mucho más
[bis]
Yo jamas sufrí yo jamas lloré
Yo era muy feliz pero te encontré
(ándale)
Ahora quiero que me digas
Si valió o no la pena
El haberte conocido
Porque no te creo más
Y es que tú fuiste muy mala
Si muy mala conmigo
Por eso no te quiero
No te quiero ver jamás
Vete vete vete
Vete de mi vera
Vete a dondequiera
Vete no te quiero
No te quiero ver jamás
Vete vete
"
459,"Necesito un buen amor
Porque ya no aguanto mas
Veo la vida con dolor
Quítenme esta soledad
Necesito que alguien me haga compañía
Ya no quiero noches que son de agonia
Yo no tengo nada nadie todavia
Y yo necesito que alguien me reviva? escuchen
Ay que soledad ay que soledad
Ay que soledad ay que soledad
Porque es que más no puedo
No es bueno no debo
No quiero llamar soledad
Yo espero yo busco
Yo quiero amor encontrar
Si en el mundo hay tanta gente diferente
Una de esa tanta gente me amara
Alguien alguien ay ya
Pero esta soledad debe no crecer
Esta soledad irse debe de
Me ata me araña
Me muerde me hiere de mas
Me enferma me hunde
Me quema me mata al final
Y antes de que acabe con mi vida debo hallar un salida inmediatamente
Alguien alguien ay ya pero esta soledad debe no crecer
Esta horrible soledad irse debe de
Debo hacerlo todo con amor
Hoy esta noche yo saldre a algun bar
Si no me escapo de ella va a acabar con esta fuerza de voluntad
Y me v a dejar toda el alma enferma
Es que debo hacerlo todo con amor
Quiza esta noche sea mi noche ya
Quiero sentirme vivo una vez mas
Este caso en realida' es de vida o muerte
Necesito un buen amor urgentemente
Ay quítenme esta soledad
Yo necesito de alguien de alguien
De alguien para no morir
Yo necesito de alguien de alguien
De alguien de alguien para despertar
Porque es que mas no puedoetc
Si en el mundo hay tanta gente diferenteetc
Debo puedo y quiero
Tengo el derecho de vivir
Quiero puedo y debo
Con alguien compartir
Debo hacerlo todo con amor
Hoy esta noche yo saldre a algun bar
Sino me escapo de ella va acabar con esta fuerza de voluntad
Parando el corazon
Es que debo hacerlo todo con amor
"
460,"Adios amor hoy me retiro 
me voy de ti 
me voy tan lejos 
que no se como he de volver 
adios amor hoy me despido 
se muy feliz 
dios quiera encuentres el amor 
que no te di ya vez 
y no me busques 
nunca mas 
por que jamas 
me encontraras 
ni tu ni yo 
tenemos ya mas de que hablar 
y ahora yo me voy 
te olvidare y sin rencor 
este es mi adios [2x]
Adios amor hoy me retiro 
ohhh me voy de ti 
me voy tan lejos 
que no se como he de volver Adios 
Me duele en el alma saber que terminamos amor 
que tengas buena suerte donde quiera que te encuentres 
adios querido amor adios 
no pudo ser posible amor ohh fue por demas 
que lastima 
mejor me voy 
que pena da no haber triunfado 
en esta ocasion sera otra vez 
y espero que no haya otro adios no haya otro adios 
Que lastima [2x]
"
461,"No me vuelvo a enamorar
totalmente para que
si la primera vez que
entregue mi corazon
me equivoque
no me vuelvo a enamorar
porque esta decepcion
me a dejado un mal sabor
me a quitado el valor
de volverme a enamorar
ya jamas tropesare
en nadie me fijare
no me vuelvo a enamorar
no me vuelvo a enamorar
totalmente para que
si la primera vez que
entregue mi corazon
me equivoque
no me vuelvo a enamorar
porque esta decepcion
me a dejado un mal sabor
me a quitado el valor
de volverme a enamorar
ya jamas tropesare
en nadie me fijare
no me vuelvo a enamorar
no me vuelvo a enamorar
totalmente para que que
"
462,"Donde esté hoy y siempre yo te quiero conmigo
Necesito cuidado necesito de ti
Si me voy donde vaya yo te llevo conmigo
No me dejes ir solo necesito de ti
Tú me sabes bien cuidar tú me sabes bien guiar
Todo lo haces muy bien tú ser muy buena es tu virtud
Como te puedo pagar todo lo que haces por mí
Todo lo feliz que soy y todo este grande amor
Solamente con mi vida ten mi vida te la doy
Pero no me dejes nunca nunca nunca te lo pido por favor
Tú me sabes bien guiar tú me sabes bien cuidar
Todo lo haces muy bien tú ser muy buena es tu virtud
Como te puedo pagar todo lo que haces por mí
Todo lo feliz que soy y todo este inmenso amor
Solamente con mi vida ten mi vida te la doy
Pero no me dejes nunca nunca nunca te lo pido por favor
O no o no pero no me dejes nunca nunca nunca
Te lo pido por favor
"
463,"Querer mirar
Realmente el sol
Sabiendo que no puedo 
Querer llegar
Hasta el mas halla
Sabiendo que solo muerto 
Es como querer tener a ese corazon
Que hoy otro es el dueño
Ya no la molestare
No me puede querer
Y ni yo debo 
Ella tiene otro amor
Que le da su calor
Y dejarlo no debe
Y la veo muy feliz
Aunque ha veces pienso
Que todavía me quiere 
Yo no se si mañana
La veré en mis brazos
Solo se que fue en marzo
Cuando la conocí 
Ella tiene otro amor
Que le da su calor
Y dejarlo no debe
Y la veo muy feliz
Aunque ha veces pienso
Que todavía me quiere 
Yo no yo se yo no se si mañana
La veré otra vez en mis brazos
Solo se que fue en marzo
Cuando la conocí 
Yo no yo se yo no se si mañana
La veré otra vez en mis brazos
Solo se que fue en marzo
Cuando la conocí
"
464,"Me vengo a entregarte
Totalmente y por amor
Quiero ver tus lindos ojos
Quiero ver tu labios rojo
Quiero velos pero frente a mi
Me vengo a entregarte
A nada dire que no
Todo lo que tu me pidas
Todo lo que tu me digas
Yo lo voy hacer mi amor
Todo te voy a entregar
Lo que yo tengo dentro y fuera de mi
Todo todo todo todo todo
Todo te voy a entregar
Asi lo siento detro y fuera de mi
Que no senti jamas por nadie
Porque nadie nadie nadie
Me quiso tanto como tu mi amor
Y ahora te voy entregar
Lo que he guadado dentro y fuera de mi
Que no le quise dar a nadie
Por  que nadie nadie nadie
Me quiere tanto como tu mi amor
Pero te voy a dar tanto amor
El que he guadado dentro y fuera de mi
Que no le quise dar a nadie
Por  que nadie nadie nadie
Me quizo tanto como tu mi amor
Nadie me quiere como tu mi amor
Ni me querran como tu mi amor
Todo
"
465,"Donde estés hoy y siempre 
yo te quiero conmigo 
necesito cuidado 
necesito de tí 
Si me voy donde valla 
yo te llevo conmigo 
no me dejes ir sólo 
necesito de tí 
Tú me sabes bien cuidar 
tú me sabes bien guiar 
todo lo haces muy bien tú 
ser muy buena es tu virtud 
Como te puedo pagar 
todo lo que haces por mí 
todo lo felíz que soy 
todo este inmenso amor 
solamente con mi vida 
pues ten mi vida te la doy 
pero no me dejes nunca 
nunca nunca 
te lo pido por favor
"
466,"Te quiero te quiero
yo te quiero conmigo
otra vez en mis brazos
Yo te quiero conmigo
un día más y otro más
Te quiero te quiero
yo te quiero conmigo
otra vez en mis brazos
Yo te quiero conmigo
un día más y otro más
La verdad la verdad
la verdad la verdad
la verdad la verdad
te quiero tanto
Ten vida te la doy
ten vida te la doy
La verdad necesito de ti
Ten vida (Te quiero) te la doy (te quiero)
Ten vida (te quiero) te la doy
Yo no sé mentir
Amor es amor amor es amor
amor es amor amor es amor
Ten vida (Te quiero) te la doy (te quiero)
Ten vida (te quiero) te la doy
La verdad necesito de ti
Amor es amor si tú
amor es amor si yo
Amor es amor si tú
amor es amor si yo
Amor es amor si tú
amor es amor si yo
Amor es amor si tú
amor es amor
No se ni cuánto he de esperar
tarde o temprano tú
Yo te quiero conmigo
Yo te quiero conmigo
Te lo pido por favor
un poquito de amor
con perfume a paz
Un poquito de amor
Debes de dar amor sincero
que así se quiere
Debes de dar amor sincero
que así se quiere
Feliz feliz
Amor es amor si tú
amor es amor si yo
Amor es amor si tú
amor es amor si yo
Amor es amor si tú
amor es amor si yo
Amor es amor si tú
amor es amor
No se ni cuánto he de esperar
tarde o temprano tú
Te quiero dame un poco de amor
Yo te quiero conmigo
un poquito de amor
Te quiero dame un poco de amor
Yo te quiero conmigo
un poquito de amor
Amor es amor amor es amor
amor es amor amor es amor
Amor es amor te quiero
amor es amor dame un poco de amor
Amor es amor yo te quiero conmigo
amor es amor un poquito de amor
Amor es amor te quiero
amor es amor dame un poco de amor
Amor es amor yo te quiero conmigo
te lo pido por favor
"
467,"No vale la pena
lo que tu me quieres 
porque es muy poquito
eso no me llena
no me es suficiente
quiero otro tantito
No vale la pena
tus distantesitas
casi no te veo
la intension es buena
nadie te lo quita
pero mas yo quiero
No vale la pena corazon
es amor de un rato
si siempre yo te veo corazon
muy debes en cuando
No vale la pena
date cuenta de eso 
que lo que tu me has dado
es una miseria 
son muy pocos besos
para un enamorado
No vale la pena corazon
es amor de un rato
si siempre yo te veo corazon
muy debes en cuando
No vale la pena
date cuenta de eso 
que lo que tu me has dado
es una miseria 
son muy pocos besos
para un enamorado
NO VALE LA PENA
"
468,"Besame dame solo un beso 
dame solo un beso tuyo 
deja a un lado el loco orgullo 
que no deja que te acerques 
un poquito a mi 
Dame un beso aqui en mi boca 
que tu boca me provoca 
y a mi vida vuelve loca 
mas no quiero que tu pienses 
que por conseguir 
Que tu cumplas mis antojos 
si no mirame a los ojos 
tu sabras si estoy mintiendo 
porque no es asi 
Es porque 
desde hace buen tiempo 
este amor 
por ti yo lo siento 
tanto que te adoro de mas 
Necesito un beso 
vamos dame un beso 
no seas tan timida nena 
nada te va a pasar 
Besame 
a quien le tienes tanto miedo 
besame 
besame 
a quien le tienes tanto miedo 
besame 
necesito un beso 
vamos dame un beso 
ven y dame un beso 
Besame besame un poco 
mira besame me vuelvo loco 
mira besame cuando te toco 
mira besame me vuelvo loco 
mira besame desespero mas 
Sabes que estoy enamorado de ti 
pero me siento un poquito mal 
sera porque no me quieres besar 
ay besame ay besame 
nada nada nada pasara 
estoy enamorado como un loco de ti 
Necesito un beso 
vamos dame un beso 
yo te quiero mucho 
y lo sabes tu 
No seas tan timida nena 
nada te va a pasar 
oye bien lo que te digo cariño 
que no puedo estar asi 
Yo escogi este buen momento 
de decir por fin lo que siento 
besame y lo comprobaras 
besame y tu lo sabras 
si es mentira o es verdad 
cariño 
Besame 
a quien le tienes tanto miedo
"
469,"Vienes o voy mas vale que vengas después yo si voy en vano sabes que no iré
estoy enamorado y cuando estoy desesperado soy capaz de todo de una forma o de mil modos
hago cuanto puedo porque debo y porque quiero estar con mi amor 
Vienes o voy piensalo bien vuelve pronto ahora con un ser que mas te adora y de los 2 ya sabes quien es
si yo de aquí me muevo veras que no es un juego
mira soy tu amigo y en todo estoy contigo te comprendo que no puedes más pero yo quiero más oye viene o voy 
Todo por estar contigo todo lo haré todo lo haré
de ti soy mas que un buen amigo y acuérdate y acuérdate
que junto todo lo he perdido así es que ven así es que ven
te advierto que si voy me quedo tal y no te haré ni quiero y problemas yo te juro no te causare oye 
Última vez vienes o voy para estar aquí en mis brazos y un día más te doy de plazo ni un día más
¿Cómo ves? me llamas y me dices que me amas y me extrañas
no me es suficiente porque tengo muchas ganas de verte de amarte tentarte y hacerte lo que a ti te gusta más
"
470,"Es Difícil Aceptar Que Me Tenga Que Quedar
Algún Día Sin Usted
Pero Así Que Ser Tendrá Yo Quisiera Que Jamás
Pero Mía Usted No Es
[CORO:]
Pero Que Necesidad
Para Que Tanto Problema
No Hay Como La Libertad De Ser De Estar De Ir
De Amar De Hacer De Hablar De Andar Así Sin Penas
Pero Que Necesidad
Para Que Tanto Problema
Mientras Yo Le Quiero Ver Feliz Cantar Bailar
Reír Soñar Sentir Volar Ellos Le Frenan
Pero Mientras Llegue El Día Me Imagino De Que Es Mía
Y Más Le Amo Cada Vez
Y Aprovecho Tiempo Y Vida A Su Amor Aunque A Escondidas
Nos Tengamos Ya Que Ver
[CORO]
Se Muy Bien Que Sus Papás Más Y Más Le Pedirán
De Que Me Deje De Querer
Noche A Noche Rezarán Día A Día Le Dirán
Que Eso Que Hace No Está Bien
[CORO]
Y Quizás Hasta Querrán Que Me Lleve Para Allá
La Tristeza De Una Vez
Daño Yo No Le Hago Al Verle Con Amarle Y Con Tenerle
Más Que Un Daño Le Hago Un Bien
[CORO X4]
"
471,"Al instante cuando te vi
Algo bello por ti sentí
Y eche a volar mi creativa imaginación
Convirtiéndote en ilusión
Poco a poco y sin despertar
Ese sueño hoy es verdad y ahora estoy
A tu ver y por donde vas
Muy seguro contigo voy
Poco a poco lentamente
Tu fuiste conquistándome
Poco a poco lentamente
Tu fuiste enamorándome
Poco a poco lentamente
Tu fuiste enseñándome
Poco a poco lentamente
AsÍ me enamore de ti
Yo veo por tus ojos
Yo voy a tu aire
Confió solamente en ti
Por ti es que no vivo ya por vivir
Ya no vivo
Y mientras yo viva
Por toda la vida
Yo voy a vivir por ti
Por ti es que no vivo ya por vivir
Ya no vivo
Lentamente el amor sentí
Despertaste el amor en mi me enamoré
Ya no vivo mas por vivir
No me canso jamás de ti
Tanto amor ahora tengo en mi ser
Hoy de nuevo he vuelto a
Nacer y es por ti
Que no siento la soledad
Lo que siento es felicidad
Poco a poco a poquito me fui enamorando
No pude evitarlo yo te quiero tanto
Pero tanto tanto tu bien sabes cuanto
Eso y otro tanto quiero decir
Que ya no vivo por vivir
Que ya no vivo por vivir
Poco a poco me fuiste enseñando
A besar tus labios tus ojos tus manos
Tu cuerpo sozñado que tengo en mis brazos
Quiero ser de ti yo voy a ser de ti
El mas grande y dulce amor
El mas grande y dulce amor
Poco a poco lentamente
Me enseñaste a querer
Poco a poco lentamente
Yo de ti me enamore
Poco a poco lentamente
Me enseñaste a vivir
Poco a poco lentamente
Yo me enamore de ti
Hoy canto y vivo contento
Porque ahora ya puedo decir que por fin
Ya no vivo por vivir ya
No vivo ya no vivo
Hoy canto y vivo contento
Porque ahora ya puedo decir que por fin
Ya no vivo por vivir ya
No vivo ya no vivo
Poco a poco a poquito me fui enamorando
No pude evitarlo yo te quiero tanto
Pero tanto tanto tu bien sabes cuanto
Eso y otro tanto que quiero decir
Que ya no vivo por vivir
Que ya no vivo por vivir
Poco a poco a poquito me
Fuiste enseñando
A besar tus labios tus ojos tus manos
Tu cuerpo soñado que tengo en mis brazos
Quiero ser de ti yo voy a ser de ti
El mas grande y dulce amor
El mas grande y dulce amor
Poco a poco lentamente
Me enseñaste a querer
Poco a poco lentamente
Yo de ti me enamore
Poco a poco lentamente
Me enseñaste a vivir
Poco a poco lentamente
Yo me enamore de ti
Hoy canto y vivo contento
Porque ahora ya puedo decir que por fin
Ya no vivo por vivir ya
No vivo ya no vivo
Hoy canto y vivo contento
Porque ahora ya puedo decir que por fin
Ya no vivo por vivir ya
No vivo ya no vivo
Yo ya no vivo por vivir
Ya no vivo
Ya no vivo
Na na na
Na na na
Yo ya no vivo por vivir
Ya no vivo ah
El mas grande y dulce amor
El mas grande y dulce amor
Que ya no vivo por vivir
Que ya no vivo por vivir
"
472,"Y se que tu te vas que ya no volveras 
pero este adios no es la soluciòn 
para olvidarno para olvidarnos 
se necesita no habernos conocidos nunca 
para olvidarnos 
Este querido amor se me rompe el alma 
saber que tu y yo no supimos comprendernos 
parece que el mundo se me esta acabando 
que todo y todos estan contra mi porque te vas 
Ya nada hay que hacer ya ves no pudo ser 
dios te bendiga mi amor aunque no vuelva nuncanunca 
tu eres buena tu te mereces lo mejor que hay en la tierra 
cuenta conmigo solo para ser feliz 
Llenaste de recuerdos a la ciudad entera 
para que de pena y de tristeza muera yo 
el amor que tantos quisieron me lo diste a mi 
y tu por sutileza ya no puedes sentir por mi 
el amor que tantos quisieron me lo diste a mi 
y tu por sutileza ya no puedes sentir por mi 
El silencio de la casa a mis ojos le hara llorar 
y al estar junto a la mesa ya vacio tu lugar sentire mas 
y cuando miro tu retrato quiero estar entre tus 
brazos como antes cariño mio 
Cariño solo te dare cariño 
horrible es terminar la vida en soledad 
en esta soledad cariño cariño 
solo te dare cariño 
horrible es terminar la vida en soledad 
wen esta soledad cariño cariño 
Pero si al amor que tantos quisieron 
me lo diste a mi y tu por sutileza ya no puedes 
sentir por mi 
el amor que tantos quisieron me lo diste a mi 
y tu por sutileza ya no puedes sentir por mi 
El silencio de la casa a mis ojos le hara llorar 
y al estar junto a la mesa ya vacio tu lugar sentire mas 
y cuando miro tu retrato quiero estar entre tus 
brazos como antes cariño mio 
y cuando miro tu retrato quiero estar entre tus 
brazos como antes cariño mio
"
473,"Prueba de amor eso es lo que quieres
Te voy a entregar hoy mismo si lo prefieres
No voy a fingir al darle a tus labios
La tierna humedad más suave que un murmullo
Ser e inventar la magia de amor
Donde toda la magia será azul
Te voy a enamorar de ti con sinceridad
Y mi felicidad será el saberte amar
Dí que me quieres que sientes sientes lo que yo
Que esto es más que amor
Que tonto fui yo cuando me reí de ti
Yo nunca pensé ni a veces que iba a entregarme
Perdóname tú y hazme de tu noche
Enciéndeme tú la hoguera veras como arde
Espero inventar la magia de amar
Donde toda la magia será azul
Te voy a enamorar de ti con sinceridad
Y mi felicidad será el saberte amar
Tú dí que me quieres que sientes sientes lo que yo
Que esto es más que amor
Tú dí que me quieres que sientes sientes lo que yo
Que esto es más que amor
Que esto es más que amor
"
474,"Cuando te beso me lleno de emoción 
solo al sentir tus labios 
me sube la pasión 
y al contemplarte despierta mi ansiedad 
de hacerte feliz un rato 
volverte a acariciar 
Gracias amor 
porque si me quieres 
por que tu me hiciste ser mejor 
di dame mas 
que mi alma goza 
has que yo te insista 
di ámame mas 
Cuando se acabe 
la magia del placer 
ver el sol nacer 
y juntos hasta que muera el 
mas tarde en la noche 
entre olas de la mar 
podamos vivir un rato 
mientras que el sol se va 
Quiero tener poco más de ti 
por que quiero hacerte mas mujer 
te quiero amar 
todo el tiempo ahora! 
has que me desvista la felicidad 
Gracias amor 
porque si me quieres 
por que tu me hiciste ser mejor 
di dame mas 
que mi alma goza 
has que yo te insista 
di ámame mas
"
475,"Voy a decirte mis palabras de amor
Y acariciar todo tu ser
Tus labios rojos besaré con sed
Veré la gloria que soñé
Nada cuesta mas no hay que esperar
Y empezar la magia de amar
Quiero oír a tu corazón cantar
De placer placer de amar
Voy a entregarte más que un ser
Y voy hacerte mucho más mujer
La luna llena vas a ver
Igual tú estarás
Voy a enseñarte la felicidad
Ya tú verás que devoción
Y al liberarte de la soledad
Seré más fiel que el mismo amor
Lo que es amar vas a saber al nacer amar
Lo que es un hombre tu lo vas a ver al nacer amar
De amor te voy a estremecer
Vas a suspirar
Te irás conmigo al volar al cielo azul
Más que una estrella brillaras
Devoto tuyo yo me voy hacer
Igual que a Dios te voy amar
Igual que a Dios te voy amar
Voy a entregarte más que un ser
Y voy hacerte mucho más mujer
Como la luna
Lo que es amar vas a saber al nacer amar
Lo que es un hombre tu lo vas a ver al nacer amar
Como la luna
Al nacer amar como la luna al nacer amar
Al nacer amar
"
476,"Estoy pensando en ti mirando y oyendo al viejo mar cantar
Esa canción que enamoro a la luna
Y estoy imaginándome que estas conmigo
Y un poco suspiro se escapa de mí
Se va en busca de ti para decirte que te extraño mas ahora
Que el día siguiente que te fuiste con la aurora
Aun sigue siendo el día más triste para mí
Y así pensando en ti el sol se va y yo un día más sin verte
Y sigo imaginándome que estas conmigo
Despierto dormido y a diario es así
Y hoy tengo para ti caricias nuevas que guarde luna tras luna
Para estrenarlas en tu ser una por una
Hasta que jures que jamás te iras de mí
Y hoy tengo para ti caricias nuevas que guarde luna tras luna
Para estrenarlas en tu ser una por una
Hasta que jures que jamás te iras de mí
Hoy tengo para ti caricias nuevas que guarde luna tras luna
Para estrenarlas en tu ser una por una
Hasta que jures que jamás te iras de mí
Hoy tengo para ti caricias nuevas que guarde luna tras luna
Para estrenarlas en tu ser una por una
Hasta que jures que jamás te iras de mí
"
477,"Mira que bonita esta la luna y es por ti
Porque ayer que vine tú no estabas y no la ví no la vi
Mira que bonita esta la noche y es por ti
Porque ayer que vine tú no estabas y no era así es por ti
Es por ti amor mío ahora es que me entero que hay amor
Y eso es maravilloso para mi saber que no estoy solo
Que mío es nada y todo que debo porque puedo
Si es que quiero ser feliz
Y ahora es que me entero que hay un sol
Que soy capaz de dar amor y recibir
Que todo el mundo es bueno que no hay gloria ni infierno
Y que soy realmente libre si creo en mí
Que bello es vivir que bello es vivir por ti
Ahora es que me entero que hay amor
Y eso es maravilloso para mí saber que no estoy solo
Que mío es nada y todo que debo porque puedo
Si es que quiero ser feliz
Y ahora es que me entero que hay un sol
Que soy capaz de dar amor y recibir
Que todo el mundo es bueno que no hay gloria ni infierno
Y que soy realmente libre si creo en mí
Que bello es vivir pero que bello es vivir por ti
Mira como gano el tiempo amor y es por ti
Porque ayer que vine tú no estabas lo perdí
"
478,"Desde el día en que tú te fuiste 
todo para mi es tan triste 
tanto que yo ya no espero nada 
que volvieras a mi lado 
era mi sueño dorado 
y de eso ya perdi las esperanzas 
Y todas mis ilusiones 
tuve que hacerlas canciones 
pero después de tanto cantarlas 
me llenarón de tristeza 
de los pies a la cabeza 
tanto que hoy me duele mucho el alma 
Muriendo de amor muriendo de amor 
muriendo de amor por tí 
Yo sigo amandote tanto mi amor 
que no me resigno aún 
a ser tu olvido y tu adiós que te olvide 
eso es lo que quieres tú 
Como hacer si jamás yo viví ni sentí nada igual 
es la primera ocasión 
que siento soledad 
Nunca me enamore ni viví ni sentí tanto amor 
siempre pense que era bello el amor y no dolor 
Y tú me estas matando lento así 
muriendo de mi amor por tí me estoy muriendo 
Hoy es todo tan distinto 
ya no vivo solo existo 
que va a ser de mi mañana 
como puede ser posible 
con lo tanto que te quise 
que ahora no te importe nada nada 
Y hoy no vienes a ayudarme 
hoy no vienes a salvarme eres malagradecida 
Que después de haberte amado tanto 
y de entregarme enamorado 
ahora me quitas la vida 
Muriendo de amor muriendo de amor 
muriendo de amor por tí 
Y sigo amandote tanto mi amor 
que no me resigno aún 
a ser tu olvido y tu adios que te olvide 
eso es lo que quieres tú 
Como hacer si jamás yo viví ni sentí nada igual 
es la primera ocasión que siento soledad 
Nunca me enamore ni viví ni sentí tanto amor 
siempre pense que era bello el amor y no dolor 
Y tú me estas matando lento así 
muriendo de mi amor por tí me estoy muriendo
"
479,"El amor es bello por que cuando amas
al cielo lo miras de otro color
todo es diferente vives mas la vida
haces cuanto puedes
para estar mejor
El amor nos duele por que aveces damos
todo sin medida mas de una vez
por eso es que el alma
sufre una gran herida
cuando se nos cansa de tanto querer
El amor es triste por que un dia se acaba
cuando menos piensas tal como empeso
por que nadie es de uno tarde o temprano
el amor se aleja tal como llego
"
480,"Cuando estoy en el campomi vida cambia
mi casita de adobe esa es mi estancia
oigo el canto del gallo anunciando
que hay viene a mi rancho
un bello y nuevo día
El amor se despierta
la fe se levanta la vida comienza
y todo en armonía
Cuando estoy en el campo me voy al río
a escuchar el silencio de Dios y el mío
y me baña me arrulla me duerme me lleva
y me calma igual que cuando niño lo hiciera mi padre adorado
mi madre divina con su amor y cariño
Cuando estoy en el campo y cae la tarde
antes que el sol de vaya como mi padre
a caballo camino recorro disfruto
y admiro mi tierra linda y morena
veo la viña la alfalfa el maíz el arroz
el trigal su verde nogalera
Cuando estoy en el campo veo las estrellas
y al mirarlas recuerdo cosas muy bellas
a mi padre a mi madre a mis tios
mi hermano mi abuelo y mi abuela
me imagino que toda mi gente que vive en mí siempre
son toditas ellas
Y yo no voy de aquí aquí me voy a quedar
Y yo no me voy de aquí aquí me voy a quedar
"
481,"Al hijo de mi compadre que se llama margarito
lo metieron a la carcel por que se robo un chivito
al hijo de mi compadre que se llama margarito
lo metieron a la carcel por que se robo un chivito
yo lo acompane a sacarle mi compadre el juez le dijo
senor vengo a suplicarle que perdono usted a mi hijo
senor vengo a suplicarle que perdone usted a mi hijo
el juez le contesto son 45 pesos
por menos y mas senor a qui tengo muchos presos
por menos y mas senor a qui tengo muchos presos
ha muchachos no se componen
ni volviendonos a batir
y salimos de la carcel para conseguir dinero
el tiene muchos pendientes
pero su hijo es primero
le presto don abrahan le presto don efren
le presto don trino don jesus y don rafael
y lo fue a sacar y le dijo el juez
pagaras con carcel si es que robas otra vez
no te da pena ver a tu padre que se averguenza
no hagas que sufra tu pobre madre muchacho piensa
no eres rico tampoco pobre
no es necesario muchacho tonto de que tu robes
si quieres algo trabaja y compra
al fin y al cabo que a qui en el campo el trabajo sobra
"
482,"Me dices que te vas y estoy muy triste
porque de aquel amor que me tuviste
ya todo se acabó de un de repente
y hoy quieres empezar con otra gente
que un nuevo y gran amor tú te encontraste
que adoras y que él también te adora
recuerda que eso igual tú me juraste
que bien se te olvidó todito ahora
Mi tata Dios que te perdone
él sabe que yo te perdoné
Que no te guardaré jamás rencores
porque eres el amor de mis amores
yo no te tomo a mal lo que decidas
es muy tu libertad y muy tu vida
adios querido amor que seas dichosa
que veas la vida en él color de rosa
y núnca tú por mí te me entristezcas
ya vete de una vez no te detengas
Porque yo muy pobre soy tú lo sabes bien
gano seis pesos tú quieres cien
y yo no puedo
y aunque yo trabajo mucho no puedo más
yo soy de campo y él de ciudad
pero aquí me quedo
Mil gracias corazón por todo aquello
jamás te olvidaré porque fue bello
adios querido amor Dios te bendiga
que seas feliz con él toda la vida
Porque yo nací en el campo y en él crecí
a ningún lado me quiero ir ni Dios lo quiera
Soy feliz de sol a sol trabajando así
porque en el campo está el porvenir
y aquí es mi tierra esta es mi tierra
Mi bendita tierra
"
483,"Oye María escuche el otro día que te quieres separar
Que porque no tiene nombre lo que te ha hecho ese hombre
Y que ya no aguantas más
Oye María estas a tiempo todavía para recapacitar
Si te dicen que va y viene
Y con otras se entretiene es pa hacerte sentir mal
No debes de tú dejar nunca a Juan no debes tu dejarlo jamás
No debes de tú dejar nunca a Juan no debes tu dejarlo jamás
Como amigo que soy un consejo yo te doy no dejes nunca a Juan
Por eso es que aquí estoy contigo el día de hoy
te vengo a aconsejar
Oye María que lo andabas hasta espinado
Porque andabas tú buscando saber si te engañara
Lo que dicen es mentira no permitas que consigan
verte como ellas están
La que busca encuentra tú no andes buscando
Si el a ti no te quisiera a tu lado no estuviera y se hubiera ido ya
La que busca encuentra tú no andes buscando
Tu defiende con orgullo el honor de el sea mentira o sea verdad
No debes tú de dejar nunca a Juan no debes tu dejarlo jamás
No debes tú de dejar nunca a Juan no debes tu dejarlo jamás
Como amigo que soy un consejo yo te doy no dejes nunca a Juan
Por eso es que aquí estoy contigo el día de hoy
te vengo a aconsejar
Que malo malo Juan pero peor sin Juan
Malo malo Juan pero peor sin Juan
"
484,"Ya veras cuando me vaya
el frio que vas a sentir
ay ay ay nunca crey que canalla tu me salieras pero si
Ya veras cuando me busques
ay jamas tu me vas a encontrar
ay ay ay haz lo que quieras y gustes
que mañana lloraras
Dices que ya no me quieres
que de mi tu te haz cansado
y encima con el me hieres
antes de aver terminado
Ya veras cuando me vaya
ay aver si el te quita el dolor (si como no)
y aver si el te da la talla y aqui te dejo esto yo:
[Coro]
Mi jacal y mi pracela 6gallinas y 2 gallos
5 chivas y 2 becerros a mi yehua y mi caballo
3 marranos y 2perros una vaca ya a ese wey
mi pistola y mi sombrero ay para que el se sienta el rey
Dices que ya no me quieres
que de mi tu te haz cansado
y encima con el me hieres
antes de aver terminado
Ya veras cuando me vaya
ay aver si el te quita el dolor (si como no)
y aver si el te da la talla y aqui te dejo esto yo:
[Coro]
Mi jacal y mi pracela 6gallinas y 2 gallos
5 chivas y 2 becerros a mi yehua y mi caballo
3 marranos y 2perros una vaca ya a ese wey
mi pistola y mi sombrero ay para que el se sienta el rey
"
485,"Tú me dices que regrese que ahora sí me vas a querer
este amor no lo mereces y jamás me verás volver
tú me dices que regrese que ahora sí me vas querer
Sé que estás arrepentida del dolor que me causaste
soporté todo en la vida hasta que un día me cansaste
sé que estás arrepentida del dolor que me causaste
Yo ya no vuelvo contigo tú eres más mala que bonita
no quiero ni ser tu amigo ahi te vas a quedar solita
aunque por dentro me diga que me da pena la pobrecita
pero por fuera me digo que palo dado ni Dios lo quita
Ya ves que llegó el momento en que tienes que pagar
el dolor y el sufrimiento que tú me hiciste pasar
ya ves que llegó el momento en que tienes que pagar
Todo se paga en la vida eso núnca hay que dudar
me causaste tanta herida que hay doliéndome ahí están
todo se paga en la vida eso núnca hay que dudar
Yo ya no vuelvo contigo tú eres más mala que bonita
no quiero ni ser tu amigo ahi te vas a quedar solita
aunque por dentro me diga que me da pena la pobrecita
pero por fuera me digo que palo dado ni Dios lo quita
Aunque por dentro me diga que me da pena la pobrecita
pero por fuera me digo que palo dado ni Dios lo quita
Aunque por dentro me diga que me da pena la pobrecita
pero por fuera me digo que palo dado ni Dios lo quita
"
486,"Me va a llevar la tristeza de tanto pensar en tí
ya me duele la cabeza Dios apiádate de mí
me va llevar la tristeza eso sé muy bien que sí
Voy a vagar por el mundo a ver si puedo arrancarte
voy a hacerme vagabundo quiero aprender a olvidarte
Voy a vagar por el mundo pero no para encontrarte
Siempre te traigo en mi mente no te me puedes borrar
te adoro como un demente y cada día es mucho más
siempre te traigo en mi mente y no sé ni en dónde estás
Ha de pasar mucho tiempo quizá no he de olvidarte
moriré de sentimiento pero núnca iré a buscarte
ha de pasar mucho tiempo pero no voy a rogarte
No quiero verte otra vez eres mal agradecida
te fuiste pa´no volver me dejaste muerto en vida
No quiero verte otra vez hija de la mala vida
"
487,"Cuando se pierde un cariño
como sufre el corazon
es caer en un abismo
y mas cuando no hay razon
cuando se pierde un cariño
como sufre el corazon
cuando se pierde un cariño
y tu me dijiste adios
Cuando tuve tus amores
yo era el hombre mas feliz
pero hoy en mis dolores
veo que nunca yo lo fui
cuando tuve tus amores
yo era el hombre mas feliz
cuando tuve tus amores eras solo para mi
ojala que cuando sepas
lo que yo sufro por ti
vuelvas de nuevo conmigo
Dios y tu quieran que si
te esperare vida mia
no me importa cuanto espere
rezare noche tras noche
pa que no me desespere
te esperare vida mia
no me importa cuanto espere
te esperare vida mia
porque soy quien mas te quiere
hoy que ya no estas conmigo
y no se tu direccion
solo me queda el recurso
que un dia escuches mi cancion
hoy que ya no estas conmigo
y no se tu direccion
hoy que ya no estas conmigo
cuenta con mi bendicion
ojala que cuando sepas
lo que yo sufro por ti
vuelvas de nuevo conmigo
Dios y tu quieran que si
"
488,"Cuando me fui para el norte 
Me fui para estar mejor 
Entro en busca de trabajo 
Pero oh desilusion 
Cuando llegue a San Francisco 
Nadie me tendio la mano 
Esos norteamericanos carecen de amor 
Luego me fui pa' Los Angeles 
Ahi nunca sale el sol 
Es bonito no lo niego 
Pero hay muchisimo smog 
Y por si fuera poquito 
Tienes otro gran problema 
Tienes que andarte cuidando 
Siempre de la migracion 
Luego me fui pa' Arizona 
Donde hace un cruel calor 
Ahi cualquiera se muere 
De una deshidratacion 
Luego me fui para Texas 
Que es un poquito mejor 
Pero en cualquier parte encuentras 
Mucha discriminacion 
Total que no halle trabajo 
Y sin papeles peor 
Si los que son residentes 
No consiguen menos yo 
Mejor me vine pa' mi tierra 
Mi pueblito Tzin Tzun Tzan 
He comprendido en todito 
Mas bonito es Michoacan 
Ahora trabajo en el campo 
Trabajo de sol a sol 
Y ahora estoy con mi familia 
Y cada vez mucho mejor 
Adios gringos peleoneros 
Buenos pa' las guerras son 
Ellos creen que Dios es blanco 
Y es mas moreno que yo
"
489,"Como ha cambiado pi pueblo
mi pueblo yano es el mismo
de aquel pueblo tan hermoso
al de hoy hay un abismo
ya no hay mujer con rebosos
ya no hay hombres campesinos
ya el cantaro no va al pozo
lo rompio el industrialismo
ya se contamino el agua
de las acequias y rios
ya se seco un ojo de agua
ya cerraron el molino
ya la mujer no usa enaguas
ni el hombre calzon de indio
ya la mujer no usa el habla
ni el hombre su civismo
ya las casitas de adobe
estan desapareciendo
hoy las costruyen de bloque
feas las estan haciendo
la plata y el oro del pobre
caros se han ido poniendo
ya no hay monedas de cobre
de niquel hoy vienen ciendo
ya no oigo tocar la banda
de los zuares y sus hijos
que triste se ve la plaza
los sabados y los domingos
ya hay otras clases de bandas
ya no hay quioscos ni estanquillos
ya la gente del campo se ha ido
a emprender una nueva aventura
a los campos de estados unidos
con tristeza y quizas amargura
de saver que en su pueblo han perdido
el ingenio el molino y cordura
pocos vuelven de haya y yo he venido
y lo encuentro cambiado y no hay duda
de que ya no es a quel pueblo chiquito
que inspiraba añoranza y ternura
ya no es aquel pueblo bonito
el comercio le trajo basura
aquel tiempo se hablaba de ranchos
de la milpa y la tabla de arros
de la musica el baile y el canto
del padre la madre y de dios
de la siembra y cosecha del campo
de la casa el lugar y el amor
ahora hablan de que hay terrorismo
del peso y su devaluacion
ahora hablan con tal pesimismo
de que hay viene otra revolucion
ahora en vez de mirarse ellos mismo
ahora miran la televicion
"
490,"Un día que andaba en el campo
Me encontré con el eterno
Y me dijo que el cante y baile
Se va aire al infierno
Como yo se ver profundo
Suelo ver la realidad
Yo veo dar vueltas a este mundo
Y muy triste ala humanidad
Sufre pide y llora
No sabe de donde viene
Quien es y a donde va
Marmolego vargaz y villa
Le dijeron al buen dios
Vamos hacerte un mariachi
Del cual saldrán mas de dos
Yo no quiero verles tristes
Yo quiero verles alegres
No quiero verles sufriendo
Contentos yo quiero verles
Yo no quiero que me pidan
Porque todo les he dado
Quiero que canten y bailen
Porque así estoy a su lado
Pedir no es bueno dar si
Yo quiero que cante y baile
Todo aquel que crea en mi
La música viene del pueblo
La canción viene del hombre
La alegría nace del pueblo
Y mariachi tiene por nombre
La música es tan divina
Que ala gente enferma sana
La gente cuando esta sana canta y baila
Mas cuando ama
Todo lo que hay en la vida
Es por causa y por efecto
Miren su naturaleza
No tiene ningún defecto
Igual es en cada hombre
En cada ser en este mundo
Nunca sufran nunca lloren
Que la vida es un segundo
Miren México
México si es lindo
México es encantador
Y todo por sus artistas su marichi y su folclor
Cantando y bailando siempre
Hagan la paz no hagan la guerra
Porque cantando y bailando
Yo puse a girar la tierra
Pelear no es bueno amar si
La música une a los pueblo
Y los pueblos se une ami
Todo aquel que cante y baile
Al infierno no ha de ir
Para que pelean tanto
En tantas y tantas guerra
Les diré una adivinanza
A ver quien me la adivina
Aquel que me la adivine
Es que el mariachi le fascina
Que quiere decir mariachi
Quien me lo puede decir?
Quiere decir día de fiesta
En la lengua otomi
La música viene del pueblo
La canción viene del hombre
La alegría nace del pueblo
Y mariachi tiene por nombre
"
491,"Juntos
Haremos tantas cosas en la vida
Tu y yo nacimos uno para el otro
El mundo solamente es de los dos
Juntos
No importa que la gente nos critique
De todos modos hablan toman dicen
Que juzguen como quieran este amor
Juntos
Veras que con el tiempo venceremos
A nadie hacemos daño con querernos
Solo al que no le guste ser feliz
Juntos
Hasta que alguno de los dos se muera
Y aun cuando estemos los dos bajo tierra
Ni así este gran amor a de morir
Juntos
Sigamos siempre así hasta el fin del mundo
Ya vez que el mar azul es tan profundo
Pues mas profundo es nuestro gran amor
Claro que si ¡ey! ¡ey!
Juntos
Ya vez que el sol la luna y las estrellas
La misma vida en si que es tan bella
Pues todavía es mas bello es nuestro amor
Juntos
Haremos tantas cosas en la vida
Tu y yo nacimos uno para el otro
El mundo solamente es de los dos
Juntos
No importa que la gente nos critique
De todos modos hablan toman dicen
Que juzguen como quieran este amor
Juntos
Veras que con el tiempo venceremos
A nadie hacemos daño con querernos
Solo al que no le guste ser feliz
Juntos
Hasta que alguno de los dos se muera
Y aun cuando estemos los dos bajo tierra
Ni así este gran amor a de morir
Juntos
Sigamos siempre así hasta el fin del mundo
Ya vez que el mar azul es tan profundo
Pues mas profundo es nuestro gran amor
Claro que si ¡ey! ¡ey!
Juntos
Ya vez que el sol la luna y las estrellas
La misma vida en si que es tan bella
Pues todavía es mas bello es nuestro amor
Juntos
Sigamos siempre así hasta el fin del mundo
Ya vez que el mar azul es tan profundo
Pues mas profundo es nuestro gran amor
¡ey! ¡ey!
Juntos
Ya vez que el sol la luna y las estrellas
La misma vida en si que es tan bella
Pues todavía es mas bello es nuestro amor
Juntos juntos juntos [x2]
"
492,"El amor se dice cantando
Lo demás se lo lleva el viento
El amor es un sentimiento
Que cuando lo das
Recibes mucho mas del que tu das
El amor se dice bailando
Lo demás es un pensamiento
El amor no es un sufrimiento
Y el que sufra no podrá vivir jamás
En santa paz
El verdadero amor
Lo que se dice amor
Es cuando una persona
Respeta a la otra
Y la acepta tal y cual
Pero donde hay dolor
Se vive con temor
Y es porque no se conocen
Ni existe algún roce y nada es igual
El verdadero amor
Lo que se dice amor
No se entiende con palabras
Se entiende con hechos
Y hechos son amor
Pero donde hay dolor
Se respira rencor
Que sufre el cuerpo y el alma
Se pierde la calma
Y se pierde el valor
El amor se dice cantando
Lo demás se lo lleva el viento
El amor es un sentimiento
Que cuando lo das
Recibes mucho mas del que tu das
El amor se dice bailando
Lo demás es un pensamiento
El amor no es un sufrimiento
Y el que sufra no podrá vivir jamás
En santa paz
El amor se dice cantando
Lo demás se lo lleva el viento
El amor es un sentimiento
Que cuando lo das
Recibes mucho mas del que tu das
El amor se dice bailando
Lo demás es un pensamiento
El amor no es un sufrimiento
Y el que sufra no podrá vivir jamás
En santa paz
El verdadero amor
Lo que se dice amor
Es cuando una persona
Respeta a la otra
Y la acepta tal y cual
Pero donde hay dolor
Se vive con temor
Y es porque no se conocen
Ni existe algún roce y nada es igual
El verdadero amor
Lo que se dice amor
No se entiende con palabras
Se entiende con hechos
Y hechos son amor
Pero donde hay dolor
Se respira rencor
Que sufre el cuerpo y el alma
Se pierde la calma
Y se pierde el valor
El amor se dice cantando
Lo demás se lo lleva el viento
El amor es un sentimiento
Que cuando lo das
Recibes mucho mas del que tu das
El amor se dice bailando
Lo demás es un pensamiento
El amor no es un sufrimiento
Y el que sufra no podrá vivir jamás
En santa paz
"
493,"Antes de conocerte ya te amaba
Mil veces en mis sueños yo te vi
Antes de conocerte te esperaba
Sabía que habías nacido para mí
Yo era el ser mas triste de este mundo
Sin vida estaba antes de llegar tú
Me reviviste con tu amor profundo
Me devolviste hasta mi juventud
Estoy muy orgulloso de ser tu amor
De tanto que te quiero a tu alma encanto
De tan enamorado que ahora estoy
Te he escrito otra canción que ahora te canto
Te quiero más que a nadie en este mundo
Te quiero solamente para mí
No quiero ya mas ser un vagabundo
Tú me haces falta para ser feliz
Yo era el ser mas triste de este mundo
Sin vida estaba antes de llegar tú
Me reviviste con tu amor profundo
Me devolviste hasta mi juventud
Estoy muy orgulloso de ser tu amor
De tanto que te quiero a tu alma encanto
De tan enamorado que ahora estoy
Te he escrito otra canción que ahora te canto
Yo quiero proponerte matrimonio
Contigo es con quien me quiero casar
Tenemos más de un año de ser novios
El tiempo justo para ir al altar
Yo era el ser mas triste de este mundo
Sin vida estaba antes de llegar tú
Me reviviste con tu amor profundo
Me devolviste hasta mi juventud
Estoy muy orgulloso de ser tu amor
De tanto que te quiero a tu alma encanto
De tan enamorado que ahora estoy
Te he escrito otra canción que ahora te canto
"
494,"Nunca pensé que me amaras
Como iba yo a pensarlo
Si cada vez que te hablaba
Te reías tú de mí
Por eso nunca me creí
Cuando amigos me contaban
Que cuando a solas te encontrabas sin mí
Llorabas así
Nena ay ¡caramba caramba que pena
El amor que yo sentía por ti
Corrió atrás de ti cayo
Nena ay ¡caramba caramba que pena
Tú mirabas para el cielo feliz
Pero en el suelo estaba yo
Y mi amor no te lo di
Me quede con el muy triste
Hasta que lo vi morir
Cuando con otro te fuiste
Por eso nunca me creí
Cuando amigos me decían
Hay tu sufriendo te veían por mi
Y hoy me toca a mí reír
Nena ay ¡caramba caramba que pena
Muchas veces te lo dije mujer
Que no fuera más ingrata
Nena ay¡ caramba caramba que pena
Disparaste te fallo y te salió
El tiro por la culata
Hoy tu orgullo ya lo vez
En llanto se han convertido
Le pedías al santo aquel
Y nada te ha concedido
Y mi dignidad ya vez
En canción se convirtió
De que tanto te reías ayer
Si ahora estas peor que yo
Nena ay¡ caramba caramba que pena
Muchas veces te lo dije mujer
Lo que se debe se paga
Nena ay¡ caramba caramba que pena
Que te sirva de experiencia esta vez
Y no vuelvas a ser mala
"
495,"Yo tengo el presentimiento
De que tú ya no me quieres
Ven a sacarme de dudas
Por favor
Pues desde que tú te fuiste
Ninguna carta has mandado
Si vives o ya no existes que se yo
Pero este presentimiento
Me esta haciendo mas sufrir
Parece una incertidumbre
Estar pensando mal de ti
Los celos me están matando
Yo no he podido ser feliz
Y cada noche es lo mismo
Y cada noche es lo mismo ay!
Que no me deja dormir
Mi vida por si me escuchas
Sabrás que yo aun te quiero
Que todavía te espero
Que aquí estoy
Muchos te hablaran de amores
Pero todo eso es mentira
Aquí esta la vida mía
Si tu quieres te la doy
Pero este presentimiento
Me esta haciendo mas sufrir
Parece una incertidumbre
Estar pensando mal de ti
Los celos me están matando
Yo no he podido ser feliz
Y cada noche es lo mismo
Y cada noche es lo mismo ay!
Que no me deja dormir
"
496,"Conocí a una linda morena
Que me tiene enamorado
Tiene los ojos más bellos
Que jamás yo había mirado
Conocí a una linda morena
Que me tiene enamorado
Tiene los ojos más bellos
Que jamás había mirado
En el cielo brilla la luna
Y en la tierra brillan sus ojos
Su nombre es Katy jurado
La de lindos labios rojos
En el cielo brilla la luna
Y en la tierra brillan sus ojos
Su nombre es Katy jurado
La de lindos labios rojos
Katy Katy ay! Que rechula es Katy
Así le decía Elvis Presley
Y ahora yo con mi mariachi
Katy Katy ay! Que rechula es Katy
Así le decía Elvis Presley
Y ahora yo con mi mariachi
La primera vez que la vi
Fue una vez que yo fui al cine
Y vi a Katy en high moon
Elegante más que un cisne
La primera vez que la vi
Fue una vez que yo fui al cine
Y vi a Katy en high moon
Elegante más que un cisne
Yo me dije la Grace Kelly es muy bonita
Nadie lo puede negar
Pero más chula es mi Katy
Que no me canso de mirar
Yo me dije la Grace Kelly es muy bonita
Nadie lo puede negar
Pero más chula es mi Katy
Que no me canso de mirar
Katy Katy ay! Que rechula es Katy
Así le decía Elvis Presley
Y ahora yo con mi mariachi
Katy Katy ay! Que rechula es Katy
Así le decía Elvis Presley
Y ahora yo con mi mariachi
En Cuernavaca Morelos
En el hotel las mañanitas
Yo la vi por vez primera
Y en persona es más bonita
En Cuernavaca Morelos
En el hotel las mañanitas
Yo la vi por vez primera
Y en persona es más bonita
Señora de mis amores
Allá hay alguien en el cielo
Que la cuide y la bendice
Y yo lo mismo aquí en el suelo
Señora de mis amores
Allá hay alguien en el cielo
Que la cuide y la bendice
Y yo lo mismo aquí en el suelo
Katy Katy ay! Que rechula es Katy
Así le decía Elvis Presley
Y ahora yo con mi mariachi
Katy Katy ay! Que rechula es Katy
Así le decía Elvis Presley
Y ahora yo con mi mariachi
"
497,"[Juan G:]
Tanto daño yo te hice
que ya no puedo pedirte
ni otra oportunidad
porque aquella que me diste
la verdadaunque es muy triste
no la supe aprovechar
Ya no puedo detenerte
se que voy ahora a perderte
y que nada puedo hacer;
todo ahora se me acaba
si yo fuera tute daba
lo que quieras por volver
[Rocio:]
Para que quieres que vuelva?
si por ti no siento nada;
para que quieres que vuelva?
yo de ti ya estoy cansada
[Juan G:]
Que pena si tu no vuelves
pero no quiero que te quede
un mal recuerdo de mi
Dos favores yo te pido:
que me dejes ser tu amigo
y me perdonas quiero oir
[Rocio:]
Para que quieres que vuelva?
ya no estoy enamorada
para que quieres que vuelva?
si de ti ya estoy cansada
[Juan G:] te lo pido por favor
[Rocio:] si quieres tu amiga soy pero ya no volvere
"
498,"(Hechos son amores y no buenas razones)
Siempre tienes que mentir eres una mentirosa
La verdad es una cosa que a ti no te gusta oír
Contigo un hay nada que hacer todo lo ves un problema
Contigo y con tatas penas nadie podría vivir
En ti y en mi nada puede suceder no te hagas más ilusiones
Con tus celos y pasiones no te veo con porvenir
En ti y en mi cariño no puede haber a mi me sobran razones
Y es que tú no te compones ni volviéndote a batir
(Como dijo mi tía María de Jesús la de Uruapan:
Para hablar y comer pescado hay que tener cuidado)
Tu tienes el corazón muy dado a los sufrimientos
Y te doy un buen consejo lo tomas como agresión
Tu siempre que a mi me ves me miras con desconfianza
Y la duda te entra con ansias donde hay celos no hay amor
En ti y en mi nada puede suceder no te hagas más ilusiones
Con tus celos y pasiones no te veo con porvenir
En ti y en mi cariño no puede haber a mi me sobran razones
Y es que tú no te compones ni volviéndote a batir
En ti y en mí…
"
499,"Que bonita es Santa Fe
Que maravillosa que es
Con su hermosas plazas
Y sus lindas casas
Pintadas todas café
Que bonita es Santa Fe
Que maravillosa que es
Con su hermosas plazas
Y sus lindas casas
Pintadas todas café
¡Ay! En el mundo no existe
Un suelo que tenga
Un cielo así de tan azul
Aquí donde sale la luna
Como ninguna
Y se mete en abiquiú
Que bonita es Santa Fe
Que maravillosa que es
Con su hermosas plazas
Y sus lindas casas
Pintadas todas café
Que bonita es Santa Fe
Que maravillosa que es
Con su hermosas plazas
Y sus lindas casas
Pintadas todas café
¡Ay! Española es una chiquilla
Muy coquetilla
Que le gusta pasear
¡Ay! Pero no necesita una plaza
Porque en su casa
Ya la quieren casar
Que bonita es Santa Fe
Que maravillosa que es
Con su hermosas plazas
Y sus lindas casas
Pintadas todas café
Que bonita es Santa Fe
Que maravillosa que es
Con su hermosas plazas
Y sus lindas casas
Pintadas todas café
¡Ay! Mi Madrid es un caballero
De arte y salero
De eso un mineral
¡Ay! En Chimayo su iglesia miro
Y don Casimiro es el padre del lugar
Que bonita es Santa Fe
Que maravillosa que es
Con su hermosas plazas
Y sus lindas casas
Pintadas todas café
Que bonita es Santa Fe
Que maravillosa que es
Con su hermosas plazas
Y sus lindas casas
Pintadas todas café
¡Ay! Allá chama tiene la fama
De que en sus campos
Se oye el silencio hablar
¡Ay! Y en Ocama canta la tierra
Porque antes era
Tan solo puro mar
Que bonita es Santa Fe
Que maravillosa que es
Con su hermosas plazas
Y sus lindas casas
Pintadas todas café
Que bonita es Santa Fe
Que maravillosa que es
Con su hermosas plazas
Y sus lindas casas
Pintadas todas café
¡Ay! Galisteo alegro la pena
Y en su verbena
Nació el arte al pintar
¡Ay! Y de taos un hermoso día
Vino una María
Que le dijo así al bailar
Que bonita es Santa Fe
Que maravillosa que es
Con su hermosas plazas
Y sus lindas casas
Pintadas todas café
Que bonita es Santa Fe
Que maravillosa que es
Con su hermosas plazas
Y sus lindas casas
Pintadas todas café
Que bonita es Santa Fe
Que maravilloso
"